UniformeProductnaam,URI,SDG_Code,SDG_Informatiegebied,SDG_Thema,SDG_URI
aanpassing zelfgebouwd vliegtuig melding,http://standaarden.overheid.nl/owms/terms/aanpZelfbVliegtMeld,C5,Voertuigen in de Unie,"nationale verkeersregels en voorschriften voor bestuurders, met inbegrip van algemene regels voor het gebruik van de nationale wegeninfrastructuur: tijdsgebonden heffingen (vignet), afstandsgebonden heffingen (tol), emissiestickers",http://standaarden.overheid.nl/owms/terms/sdg_C5
adoptie,http://standaarden.overheid.nl/owms/terms/adoptie,G1,Burger- en familierechten,"geboorte, ouderlijk gezag over minderjarige kinderen, ouderlijke verantwoordelijkheden, regels inzake draagmoederschap en adoptie, met inbegrip van stiefouderadoptie, onderhoudsverplichtingen voor kinderen in een grensoverschrijdende gezinssituatie",http://standaarden.overheid.nl/owms/terms/sdg_G1
adoptie aangifte,http://standaarden.overheid.nl/owms/terms/adoptie_aangifte,G1,Burger- en familierechten,"geboorte, ouderlijk gezag over minderjarige kinderen, ouderlijke verantwoordelijkheden, regels inzake draagmoederschap en adoptie, met inbegrip van stiefouderadoptie, onderhoudsverplichtingen voor kinderen in een grensoverschrijdende gezinssituatie",http://standaarden.overheid.nl/owms/terms/sdg_G1
adoptie- of pleegzorguitkering,http://standaarden.overheid.nl/owms/terms/adoptiePleegzUitk,G1,Burger- en familierechten,"geboorte, ouderlijk gezag over minderjarige kinderen, ouderlijke verantwoordelijkheden, regels inzake draagmoederschap en adoptie, met inbegrip van stiefouderadoptie, onderhoudsverplichtingen voor kinderen in een grensoverschrijdende gezinssituatie",http://standaarden.overheid.nl/owms/terms/sdg_G1
adoptieherroeping,http://standaarden.overheid.nl/owms/terms/adoptieherroeping,G1,Burger- en familierechten,"geboorte, ouderlijk gezag over minderjarige kinderen, ouderlijke verantwoordelijkheden, regels inzake draagmoederschap en adoptie, met inbegrip van stiefouderadoptie, onderhoudsverplichtingen voor kinderen in een grensoverschrijdende gezinssituatie",http://standaarden.overheid.nl/owms/terms/sdg_G1
aflosbedrag inburgeringslening verlaging,http://standaarden.overheid.nl/owms/terms/aflosbedrInburglenVerlag,D4,Verblijf in een andere lidstaat,"voorschriften betreffende verblijfskaarten voor EU-burgers en hun gezinsleden, waaronder gezinsleden die geen EU-burgers zijn",http://standaarden.overheid.nl/owms/terms/sdg_D4
afvalstoffenheffing,http://standaarden.overheid.nl/owms/terms/afvalstoffenheffing,D1,Verblijf in een andere lidstaat,tijdelijke of permanente verhuizing naar een andere lidstaat,http://standaarden.overheid.nl/owms/terms/sdg_D1
algemene periodieke keuring bezwaar,http://standaarden.overheid.nl/owms/terms/apkBezw,C1,Voertuigen in de Unie,tijdelijke of permanente verplaatsing van motorvoertuigen naar een andere lidstaat,http://standaarden.overheid.nl/owms/terms/sdg_C1
alimentatie inning,http://standaarden.overheid.nl/owms/terms/alimentatieInning,G1,Burger- en familierechten,"geboorte, ouderlijk gezag over minderjarige kinderen, ouderlijke verantwoordelijkheden, regels inzake draagmoederschap en adoptie, met inbegrip van stiefouderadoptie, onderhoudsverplichtingen voor kinderen in een grensoverschrijdende gezinssituatie",http://standaarden.overheid.nl/owms/terms/sdg_G1
ambtshalve vermindering belastingaanslag,http://standaarden.overheid.nl/owms/terms/ambtshVermBelAansl,L5,Belastingen,"overige belastingen: betaling, tarieven, belastingaangiften",http://standaarden.overheid.nl/owms/terms/sdg_L5
anw-uitkering,http://standaarden.overheid.nl/owms/terms/anw-uitkering,G4,Burger- en familierechten,"erfrechten en -plichten in een andere lidstaat, met inbegrip van belastingregels",http://standaarden.overheid.nl/owms/terms/sdg_G4
ballon oplaten bij vliegveld toestemming,http://standaarden.overheid.nl/owms/terms/ballonOplVliegvToest,C5,Voertuigen in de Unie,"nationale verkeersregels en voorschriften voor bestuurders, met inbegrip van algemene regels voor het gebruik van de nationale wegeninfrastructuur: tijdsgebonden heffingen (vignet), afstandsgebonden heffingen (tol), emissiestickers",http://standaarden.overheid.nl/owms/terms/sdg_C5
basisschool klacht,http://standaarden.overheid.nl/owms/terms/basisschKlacht,E1,Onderwijs of stage in een andere lidstaat,"onderwijsstelsel in een andere lidstaat, met inbegrip van voor- en vroegschoolse educatie en opvang, basis- en secundair onderwijs, hoger onderwijs en volwassenenonderwijs",http://standaarden.overheid.nl/owms/terms/sdg_E1
bedrijfsafvalinzameling,http://standaarden.overheid.nl/owms/terms/bedrijfsafvalinzameling,M9,Goederen,recyclage en afvalbeheer,http://standaarden.overheid.nl/owms/terms/sdg_M9
bedrijfshulpverleners aanwijzing,http://standaarden.overheid.nl/owms/terms/bedrHulpverlAanw,Q1,Gezondheid en veiligheid op het werk,"verplichtingen in verband met gezondheid en veiligheid voor verschillende soorten activiteiten, waaronder risicopreventie, voorlichting en opleiding",http://standaarden.overheid.nl/owms/terms/sdg_Q1
beginseltoestemming adoptie buitenlands kind,http://standaarden.overheid.nl/owms/terms/beginseltoestAdoptBuitKnd,G1,Burger- en familierechten,"geboorte, ouderlijk gezag over minderjarige kinderen, ouderlijke verantwoordelijkheden, regels inzake draagmoederschap en adoptie, met inbegrip van stiefouderadoptie, onderhoudsverplichtingen voor kinderen in een grensoverschrijdende gezinssituatie",http://standaarden.overheid.nl/owms/terms/sdg_G1
bekwaamheid leraar vo erkenning,http://standaarden.overheid.nl/owms/terms/bekwLeraarVOErk,B3,Werk en pensionering binnen de Unie,erkenning van kwalificaties met het oog op werk in een andere lidstaat,http://standaarden.overheid.nl/owms/terms/sdg_B3
bel-me-niet register,http://standaarden.overheid.nl/owms/terms/belMeNietReg,A5,Reizen binnen de Unie,spraaktelefonie en verzending en ontvangst van elektronische berichten en elektronische gegevens binnen de Unie,http://standaarden.overheid.nl/owms/terms/sdg_A5
bel-me-niet register,http://standaarden.overheid.nl/owms/terms/belMeNietReg,H5,Consumentenrechten,"consumentenrechten en -waarborgen bij aankoop van goederen en diensten, met inbegrip van procedures voor de beslechting van en vergoeding bij consumentengeschillen",http://standaarden.overheid.nl/owms/terms/sdg_H5
belasting hardheidsclausuleverzoek,http://standaarden.overheid.nl/owms/terms/belastHardhClVerz,L5,Belastingen,"overige belastingen: betaling, tarieven, belastingaangiften",http://standaarden.overheid.nl/owms/terms/sdg_L5
belastingaangifte,http://standaarden.overheid.nl/owms/terms/belastingaangifte,B4,Werk en pensionering binnen de Unie,belastingheffing in een andere lidstaat,http://standaarden.overheid.nl/owms/terms/sdg_B4
belastingbetaling uitstel,http://standaarden.overheid.nl/owms/terms/belastingbetUitst,L5,Belastingen,"overige belastingen: betaling, tarieven, belastingaangiften",http://standaarden.overheid.nl/owms/terms/sdg_L5
belastingkwijtschelding,http://standaarden.overheid.nl/owms/terms/belastingkwijtschelding,L5,Belastingen,"overige belastingen: betaling, tarieven, belastingaangiften",http://standaarden.overheid.nl/owms/terms/sdg_L5
beroepskwalificatie erkenning,http://standaarden.overheid.nl/owms/terms/beroepskwalErk,N3,Diensten,"erkenning van beroepskwalificaties, met inbegrip van beroepsonderwijs en -opleiding",http://standaarden.overheid.nl/owms/terms/sdg_N3
beroepsonderwijs en volwasseneneducatie klacht,http://standaarden.overheid.nl/owms/terms/berOndVolwEdKlacht,E1,Onderwijs of stage in een andere lidstaat,"onderwijsstelsel in een andere lidstaat, met inbegrip van voor- en vroegschoolse educatie en opvang, basis- en secundair onderwijs, hoger onderwijs en volwassenenonderwijs",http://standaarden.overheid.nl/owms/terms/sdg_E1
bevoegdheidsbewijs luchtballonpiloot,http://standaarden.overheid.nl/owms/terms/bevoegdBewLuchtbPiloot,C5,Voertuigen in de Unie,"nationale verkeersregels en voorschriften voor bestuurders, met inbegrip van algemene regels voor het gebruik van de nationale wegeninfrastructuur: tijdsgebonden heffingen (vignet), afstandsgebonden heffingen (tol), emissiestickers",http://standaarden.overheid.nl/owms/terms/sdg_C5
bevoegdheidsbewijs recreatief vlieger,http://standaarden.overheid.nl/owms/terms/bevoegdBewRecrVlieger,C5,Voertuigen in de Unie,"nationale verkeersregels en voorschriften voor bestuurders, met inbegrip van algemene regels voor het gebruik van de nationale wegeninfrastructuur: tijdsgebonden heffingen (vignet), afstandsgebonden heffingen (tol), emissiestickers",http://standaarden.overheid.nl/owms/terms/sdg_C5
bevoegdheidsbewijs zweefvliegtuigpiloot,http://standaarden.overheid.nl/owms/terms/bevoegdBewZwVlPiloot,C5,Voertuigen in de Unie,"nationale verkeersregels en voorschriften voor bestuurders, met inbegrip van algemene regels voor het gebruik van de nationale wegeninfrastructuur: tijdsgebonden heffingen (vignet), afstandsgebonden heffingen (tol), emissiestickers",http://standaarden.overheid.nl/owms/terms/sdg_C5
bewaartermijn asbus ontheffing,http://standaarden.overheid.nl/owms/terms/bewTermAsbusOnth,D6,Verblijf in een andere lidstaat,"regels die gelden in geval van overlijden, met inbegrip van regels inzake de repatriëring van stoffelijke overschotten naar een andere lidstaat",http://standaarden.overheid.nl/owms/terms/sdg_D6
bewijs van in leven zijn (attestatie de vita),http://standaarden.overheid.nl/owms/terms/bewijs_van_in_leven_zijn_(attestatie_de_vita),D4,Verblijf in een andere lidstaat,"voorschriften betreffende verblijfskaarten voor EU-burgers en hun gezinsleden, waaronder gezinsleden die geen EU-burgers zijn",http://standaarden.overheid.nl/owms/terms/sdg_D4
beëindiging registratie kenteken bij uitvoer,http://standaarden.overheid.nl/owms/terms/beeindRegistrKentekUitvoer,C1,Voertuigen in de Unie,tijdelijke of permanente verplaatsing van motorvoertuigen naar een andere lidstaat,http://standaarden.overheid.nl/owms/terms/sdg_C1
big-register inschrijving,http://standaarden.overheid.nl/owms/terms/bigRegInschr,B3,Werk en pensionering binnen de Unie,erkenning van kwalificaties met het oog op werk in een andere lidstaat,http://standaarden.overheid.nl/owms/terms/sdg_B3
big-register inzage,http://standaarden.overheid.nl/owms/terms/bigRegInz,H5,Consumentenrechten,"consumentenrechten en -waarborgen bij aankoop van goederen en diensten, met inbegrip van procedures voor de beslechting van en vergoeding bij consumentengeschillen",http://standaarden.overheid.nl/owms/terms/sdg_H5
binnenschipcertificaat,http://standaarden.overheid.nl/owms/terms/binSchipCert,C5,Voertuigen in de Unie,"nationale verkeersregels en voorschriften voor bestuurders, met inbegrip van algemene regels voor het gebruik van de nationale wegeninfrastructuur: tijdsgebonden heffingen (vignet), afstandsgebonden heffingen (tol), emissiestickers",http://standaarden.overheid.nl/owms/terms/sdg_C5
boedelregister inzage,http://standaarden.overheid.nl/owms/terms/boedelregInz,D6,Verblijf in een andere lidstaat,"regels die gelden in geval van overlijden, met inbegrip van regels inzake de repatriëring van stoffelijke overschotten naar een andere lidstaat",http://standaarden.overheid.nl/owms/terms/sdg_D6
bpm vrijstelling,http://standaarden.overheid.nl/owms/terms/bpmvrijst,C4,Voertuigen in de Unie,koop en verkoop van motorvoertuigen in een andere lidstaat,http://standaarden.overheid.nl/owms/terms/sdg_C4
bpm vrijstelling,http://standaarden.overheid.nl/owms/terms/bpmvrijst,L5,Belastingen,"overige belastingen: betaling, tarieven, belastingaangiften",http://standaarden.overheid.nl/owms/terms/sdg_L5
bpm-aangifte,http://standaarden.overheid.nl/owms/terms/bpmAangifte,A4,Reizen binnen de Unie,"vervoer van dieren, planten, alcohol, tabak, sigaretten en andere goederen bij reizen in de Unie",http://standaarden.overheid.nl/owms/terms/sdg_A4
bpm-aangifte,http://standaarden.overheid.nl/owms/terms/bpmAangifte,C4,Voertuigen in de Unie,koop en verkoop van motorvoertuigen in een andere lidstaat,http://standaarden.overheid.nl/owms/terms/sdg_C4
bpm-teruggaaf,http://standaarden.overheid.nl/owms/terms/bpmTeruggaaf,C4,Voertuigen in de Unie,koop en verkoop van motorvoertuigen in een andere lidstaat,http://standaarden.overheid.nl/owms/terms/sdg_C4
brp-inzagerecht,http://standaarden.overheid.nl/owms/terms/brpInzRecht,D1,Verblijf in een andere lidstaat,tijdelijke of permanente verhuizing naar een andere lidstaat,http://standaarden.overheid.nl/owms/terms/sdg_D1
buitenlands vermogen aangifte,http://standaarden.overheid.nl/owms/terms/buitenlVermAang,B4,Werk en pensionering binnen de Unie,belastingheffing in een andere lidstaat,http://standaarden.overheid.nl/owms/terms/sdg_B4
buitenlandse onderwijsbevoegdheid erkenning,http://standaarden.overheid.nl/owms/terms/buitenlOnderwBevErk,B3,Werk en pensionering binnen de Unie,erkenning van kwalificaties met het oog op werk in een andere lidstaat,http://standaarden.overheid.nl/owms/terms/sdg_B3
centraal insolventieregister inzage,http://standaarden.overheid.nl/owms/terms/centrInsolvRegInz,H1,Consumentenrechten,"online of in persoon goederen, digitale inhoud of diensten (waaronder financiële diensten) in een andere lidstaat kopen",http://standaarden.overheid.nl/owms/terms/sdg_H1
centraal insolventieregister inzage,http://standaarden.overheid.nl/owms/terms/centrInsolvRegInz,J7,"Starten, exploiteren en sluiten van een bedrijf",insolventieprocedures en liquidatie van bedrijven,http://standaarden.overheid.nl/owms/terms/sdg_J7
centraal testamentenregister inzage,http://standaarden.overheid.nl/owms/terms/centrTestamRegInz,D6,Verblijf in een andere lidstaat,"regels die gelden in geval van overlijden, met inbegrip van regels inzake de repatriëring van stoffelijke overschotten naar een andere lidstaat",http://standaarden.overheid.nl/owms/terms/sdg_D6
certificaat,http://standaarden.overheid.nl/owms/terms/certificaat,M8,Goederen,"certificering, keurmerken (EMAS, energielabels, ecodesign, EU-milieukeur)",http://standaarden.overheid.nl/owms/terms/sdg_M8
collegegeld,http://standaarden.overheid.nl/owms/terms/collegegeld,E1,Onderwijs of stage in een andere lidstaat,"onderwijsstelsel in een andere lidstaat, met inbegrip van voor- en vroegschoolse educatie en opvang, basis- en secundair onderwijs, hoger onderwijs en volwassenenonderwijs",http://standaarden.overheid.nl/owms/terms/sdg_E1
consignatiekas-uitkering,http://standaarden.overheid.nl/owms/terms/consignKasUitk,J7,"Starten, exploiteren en sluiten van een bedrijf",insolventieprocedures en liquidatie van bedrijven,http://standaarden.overheid.nl/owms/terms/sdg_J7
cultuurgoederen uitvoervergunning,http://standaarden.overheid.nl/owms/terms/cultGoedUitvVerg,A4,Reizen binnen de Unie,"vervoer van dieren, planten, alcohol, tabak, sigaretten en andere goederen bij reizen in de Unie",http://standaarden.overheid.nl/owms/terms/sdg_A4
curatele- en bewindregister,http://standaarden.overheid.nl/owms/terms/curateleBewReg,J4,"Starten, exploiteren en sluiten van een bedrijf","billijkheid en transparantie bij handelspraktijken, met inbegrip van consumentenrechten en -waarborgen in verband met de verkoop van goederen en diensten",http://standaarden.overheid.nl/owms/terms/sdg_J4
cursusgeld,http://standaarden.overheid.nl/owms/terms/cursusgeld,E1,Onderwijs of stage in een andere lidstaat,"onderwijsstelsel in een andere lidstaat, met inbegrip van voor- en vroegschoolse educatie en opvang, basis- en secundair onderwijs, hoger onderwijs en volwassenenonderwijs",http://standaarden.overheid.nl/owms/terms/sdg_E1
cursusgeld terugbetaling,http://standaarden.overheid.nl/owms/terms/cursusgeldTerugbet,E1,Onderwijs of stage in een andere lidstaat,"onderwijsstelsel in een andere lidstaat, met inbegrip van voor- en vroegschoolse educatie en opvang, basis- en secundair onderwijs, hoger onderwijs en volwassenenonderwijs",http://standaarden.overheid.nl/owms/terms/sdg_E1
deel onderwijsprogramma vo ontheffing,http://standaarden.overheid.nl/owms/terms/deelOnderwProgrVOOnth,E1,Onderwijs of stage in een andere lidstaat,"onderwijsstelsel in een andere lidstaat, met inbegrip van voor- en vroegschoolse educatie en opvang, basis- en secundair onderwijs, hoger onderwijs en volwassenenonderwijs",http://standaarden.overheid.nl/owms/terms/sdg_E1
depositogarantiestelsel,http://standaarden.overheid.nl/owms/terms/depositogarantiestelsel,H2,Consumentenrechten,een bankrekening hebben in een andere lidstaat,http://standaarden.overheid.nl/owms/terms/sdg_H2
depositogarantiestelsel,http://standaarden.overheid.nl/owms/terms/depositogarantiestelsel,J7,"Starten, exploiteren en sluiten van een bedrijf",insolventieprocedures en liquidatie van bedrijven,http://standaarden.overheid.nl/owms/terms/sdg_J7
detentie melding zorgverzekeraar,http://standaarden.overheid.nl/owms/terms/detentieMeldZorgVerz,F1,Gezondheidszorg,een medische behandeling ondergaan in een andere lidstaat,http://standaarden.overheid.nl/owms/terms/sdg_F1
discriminatie klacht,http://standaarden.overheid.nl/owms/terms/discrKlacht,B7,Werk en pensionering binnen de Unie,"gelijke behandeling (regels die discriminatie op het werk verbieden, regels inzake gelijke betaling van mannen en vrouwen en inzake gelijke betaling van werknemers met contracten voor bepaalde of onbepaalde tijd)",http://standaarden.overheid.nl/owms/terms/sdg_B7
donorgegevens kunstmatige bevruchting informatieverzoek,http://standaarden.overheid.nl/owms/terms/donorgegKunstmBevrInfoVerz,F1,Gezondheidszorg,een medische behandeling ondergaan in een andere lidstaat,http://standaarden.overheid.nl/owms/terms/sdg_F1
duur prestatiebeurs verlenging,http://standaarden.overheid.nl/owms/terms/duurPrestBeursVerl,E1,Onderwijs of stage in een andere lidstaat,"onderwijsstelsel in een andere lidstaat, met inbegrip van voor- en vroegschoolse educatie en opvang, basis- en secundair onderwijs, hoger onderwijs en volwassenenonderwijs",http://standaarden.overheid.nl/owms/terms/sdg_E1
echtscheiding verzoek,http://standaarden.overheid.nl/owms/terms/echtschVerz,G2,Burger- en familierechten,"samenleven van partners met verschillende nationaliteiten, met inbegrip van partners van hetzelfde geslacht (huwelijk, geregistreerd partnerschap, scheiding van tafel en bed, echtscheiding, huwelijksvermogensrechten, rechten van samenwonenden)",http://standaarden.overheid.nl/owms/terms/sdg_G2
eerste inschrijving in nederland,http://standaarden.overheid.nl/owms/terms/eerste_inschrijving_in_nederland,D1,Verblijf in een andere lidstaat,tijdelijke of permanente verhuizing naar een andere lidstaat,http://standaarden.overheid.nl/owms/terms/sdg_D1
eg-beroepskwalificaties erkenning,http://standaarden.overheid.nl/owms/terms/egBerKwalErk,B3,Werk en pensionering binnen de Unie,erkenning van kwalificaties met het oog op werk in een andere lidstaat,http://standaarden.overheid.nl/owms/terms/sdg_B3
eg-beroepskwalificaties erkenning,http://standaarden.overheid.nl/owms/terms/egBerKwalErk,N3,Diensten,"erkenning van beroepskwalificaties, met inbegrip van beroepsonderwijs en -opleiding",http://standaarden.overheid.nl/owms/terms/sdg_N3
eindexamen vo aanpassing,http://standaarden.overheid.nl/owms/terms/eindexVOAanp,E1,Onderwijs of stage in een andere lidstaat,"onderwijsstelsel in een andere lidstaat, met inbegrip van voor- en vroegschoolse educatie en opvang, basis- en secundair onderwijs, hoger onderwijs en volwassenenonderwijs",http://standaarden.overheid.nl/owms/terms/sdg_E1
energiebesparing eigen huis subsidie,http://standaarden.overheid.nl/owms/terms/energBespEigenHuisSubs,D2,Verblijf in een andere lidstaat,"koop en verkoop van vastgoed, met inbegrip van voorwaarden en verplichtingen met betrekking tot belasting, eigendom of gebruik van dergelijk vastgoed, waaronder het gebruik ervan als tweede verblijf",http://standaarden.overheid.nl/owms/terms/sdg_D2
energielabel,http://standaarden.overheid.nl/owms/terms/energielabel,D2,Verblijf in een andere lidstaat,"koop en verkoop van vastgoed, met inbegrip van voorwaarden en verplichtingen met betrekking tot belasting, eigendom of gebruik van dergelijk vastgoed, waaronder het gebruik ervan als tweede verblijf",http://standaarden.overheid.nl/owms/terms/sdg_D2
energielabel,http://standaarden.overheid.nl/owms/terms/energielabel,M8,Goederen,"certificering, keurmerken (EMAS, energielabels, ecodesign, EU-milieukeur)",http://standaarden.overheid.nl/owms/terms/sdg_M8
erfbelasting,http://standaarden.overheid.nl/owms/terms/erfbelasting,D6,Verblijf in een andere lidstaat,"regels die gelden in geval van overlijden, met inbegrip van regels inzake de repatriëring van stoffelijke overschotten naar een andere lidstaat",http://standaarden.overheid.nl/owms/terms/sdg_D6
erfbelasting,http://standaarden.overheid.nl/owms/terms/erfbelasting,G4,Burger- en familierechten,"erfrechten en -plichten in een andere lidstaat, met inbegrip van belastingregels",http://standaarden.overheid.nl/owms/terms/sdg_G4
examenvak vavo ontheffing,http://standaarden.overheid.nl/owms/terms/examenvakVavoOnth,E1,Onderwijs of stage in een andere lidstaat,"onderwijsstelsel in een andere lidstaat, met inbegrip van voor- en vroegschoolse educatie en opvang, basis- en secundair onderwijs, hoger onderwijs en volwassenenonderwijs",http://standaarden.overheid.nl/owms/terms/sdg_E1
examenvak vo ontheffing,http://standaarden.overheid.nl/owms/terms/examenvakVOOnth,E1,Onderwijs of stage in een andere lidstaat,"onderwijsstelsel in een andere lidstaat, met inbegrip van voor- en vroegschoolse educatie en opvang, basis- en secundair onderwijs, hoger onderwijs en volwassenenonderwijs",http://standaarden.overheid.nl/owms/terms/sdg_E1
extra onderwijsactiviteit basisschool vrijstelling,http://standaarden.overheid.nl/owms/terms/extrOnderwActBasisschVrijst,E1,Onderwijs of stage in een andere lidstaat,"onderwijsstelsel in een andere lidstaat, met inbegrip van voor- en vroegschoolse educatie en opvang, basis- en secundair onderwijs, hoger onderwijs en volwassenenonderwijs",http://standaarden.overheid.nl/owms/terms/sdg_E1
faillissement,http://standaarden.overheid.nl/owms/terms/faillismt,J7,"Starten, exploiteren en sluiten van een bedrijf",insolventieprocedures en liquidatie van bedrijven,http://standaarden.overheid.nl/owms/terms/sdg_J7
geboorteaangifte,http://standaarden.overheid.nl/owms/terms/geboorteaangifte,G1,Burger- en familierechten,"geboorte, ouderlijk gezag over minderjarige kinderen, ouderlijke verantwoordelijkheden, regels inzake draagmoederschap en adoptie, met inbegrip van stiefouderadoptie, onderhoudsverplichtingen voor kinderen in een grensoverschrijdende gezinssituatie",http://standaarden.overheid.nl/owms/terms/sdg_G1
gebruik autogordel en autokinderzitje ontheffing,http://standaarden.overheid.nl/owms/terms/gebrAutogordelKinderzOnth,C5,Voertuigen in de Unie,"nationale verkeersregels en voorschriften voor bestuurders, met inbegrip van algemene regels voor het gebruik van de nationale wegeninfrastructuur: tijdsgebonden heffingen (vignet), afstandsgebonden heffingen (tol), emissiestickers",http://standaarden.overheid.nl/owms/terms/sdg_C5
geen privégebruik auto verklaring,http://standaarden.overheid.nl/owms/terms/geenPrivGebrAutoVerkl,L5,Belastingen,"overige belastingen: betaling, tarieven, belastingaangiften",http://standaarden.overheid.nl/owms/terms/sdg_L5
gehandicaptenparkeerkaart,http://standaarden.overheid.nl/owms/terms/gehandicaptenparkeerkaart,A3,Reizen binnen de Unie,ondersteuning in geval van beperkte mobiliteit bij reizen in of vanuit de Unie,http://standaarden.overheid.nl/owms/terms/sdg_A3
geneesmiddeleninformatiebank inzage,http://standaarden.overheid.nl/owms/terms/geneesmInfoBankInz,F1,Gezondheidszorg,een medische behandeling ondergaan in een andere lidstaat,http://standaarden.overheid.nl/owms/terms/sdg_F1
geregistreerd partnerschap ontbinding,http://standaarden.overheid.nl/owms/terms/geregistreerd_partnerschap_ontbinding,G2,Burger- en familierechten,"samenleven van partners met verschillende nationaliteiten, met inbegrip van partners van hetzelfde geslacht (huwelijk, geregistreerd partnerschap, scheiding van tafel en bed, echtscheiding, huwelijksvermogensrechten, rechten van samenwonenden)",http://standaarden.overheid.nl/owms/terms/sdg_G2
gezagsregister uittreksel,http://standaarden.overheid.nl/owms/terms/gezagsregUittr,G1,Burger- en familierechten,"geboorte, ouderlijk gezag over minderjarige kinderen, ouderlijke verantwoordelijkheden, regels inzake draagmoederschap en adoptie, met inbegrip van stiefouderadoptie, onderhoudsverplichtingen voor kinderen in een grensoverschrijdende gezinssituatie",http://standaarden.overheid.nl/owms/terms/sdg_G1
gezamenlijk gezag,http://standaarden.overheid.nl/owms/terms/gezGezag,G1,Burger- en familierechten,"geboorte, ouderlijk gezag over minderjarige kinderen, ouderlijke verantwoordelijkheden, regels inzake draagmoederschap en adoptie, met inbegrip van stiefouderadoptie, onderhoudsverplichtingen voor kinderen in een grensoverschrijdende gezinssituatie",http://standaarden.overheid.nl/owms/terms/sdg_G1
groot vaarbewijs,http://standaarden.overheid.nl/owms/terms/grootVaarbew,C2,Voertuigen in de Unie,verkrijging en verlenging van rijbewijzen,http://standaarden.overheid.nl/owms/terms/sdg_C2
handelsregister gegevensverstrekking,http://standaarden.overheid.nl/owms/terms/handRegGegVerstr,H5,Consumentenrechten,"consumentenrechten en -waarborgen bij aankoop van goederen en diensten, met inbegrip van procedures voor de beslechting van en vergoeding bij consumentengeschillen",http://standaarden.overheid.nl/owms/terms/sdg_H5
handelsregister gegevensverstrekking,http://standaarden.overheid.nl/owms/terms/handRegGegVerstr,J4,"Starten, exploiteren en sluiten van een bedrijf","billijkheid en transparantie bij handelspraktijken, met inbegrip van consumentenrechten en -waarborgen in verband met de verkoop van goederen en diensten",http://standaarden.overheid.nl/owms/terms/sdg_J4
handelsregister inschrijving,http://standaarden.overheid.nl/owms/terms/handRegInschr,J1,"Starten, exploiteren en sluiten van een bedrijf","registratie, wijziging van de rechtsvorm of sluiting van een bedrijf (registratieprocedures en rechtsvormen voor bedrijven)",http://standaarden.overheid.nl/owms/terms/sdg_J1
handelsregister inschrijving,http://standaarden.overheid.nl/owms/terms/handRegInschr,J2,"Starten, exploiteren en sluiten van een bedrijf",verplaatsing van een bedrijf naar een andere lidstaat,http://standaarden.overheid.nl/owms/terms/sdg_J2
herbestemming monument subsidie,http://standaarden.overheid.nl/owms/terms/herbestMonSubs,D2,Verblijf in een andere lidstaat,"koop en verkoop van vastgoed, met inbegrip van voorwaarden en verplichtingen met betrekking tot belasting, eigendom of gebruik van dergelijk vastgoed, waaronder het gebruik ervan als tweede verblijf",http://standaarden.overheid.nl/owms/terms/sdg_D2
hoger onderwijs aanmelding,http://standaarden.overheid.nl/owms/terms/hogOndAanm,E1,Onderwijs of stage in een andere lidstaat,"onderwijsstelsel in een andere lidstaat, met inbegrip van voor- en vroegschoolse educatie en opvang, basis- en secundair onderwijs, hoger onderwijs en volwassenenonderwijs",http://standaarden.overheid.nl/owms/terms/sdg_E1
huisvestingsvergunning,http://standaarden.overheid.nl/owms/terms/huisvestingsvergunning,D1,Verblijf in een andere lidstaat,tijdelijke of permanente verhuizing naar een andere lidstaat,http://standaarden.overheid.nl/owms/terms/sdg_D1
huurtoeslag,http://standaarden.overheid.nl/owms/terms/huurtoeslag,D1,Verblijf in een andere lidstaat,tijdelijke of permanente verhuizing naar een andere lidstaat,http://standaarden.overheid.nl/owms/terms/sdg_D1
huwelijk bij volmacht,http://standaarden.overheid.nl/owms/terms/huwelijkBijVolm,G2,Burger- en familierechten,"samenleven van partners met verschillende nationaliteiten, met inbegrip van partners van hetzelfde geslacht (huwelijk, geregistreerd partnerschap, scheiding van tafel en bed, echtscheiding, huwelijksvermogensrechten, rechten van samenwonenden)",http://standaarden.overheid.nl/owms/terms/sdg_G2
huwelijksaangifte,http://standaarden.overheid.nl/owms/terms/huwelijksaangifte,G2,Burger- en familierechten,"samenleven van partners met verschillende nationaliteiten, met inbegrip van partners van hetzelfde geslacht (huwelijk, geregistreerd partnerschap, scheiding van tafel en bed, echtscheiding, huwelijksvermogensrechten, rechten van samenwonenden)",http://standaarden.overheid.nl/owms/terms/sdg_G2
huwelijksdispensatie,http://standaarden.overheid.nl/owms/terms/huwelijksdispensatie,G2,Burger- en familierechten,"samenleven van partners met verschillende nationaliteiten, met inbegrip van partners van hetzelfde geslacht (huwelijk, geregistreerd partnerschap, scheiding van tafel en bed, echtscheiding, huwelijksvermogensrechten, rechten van samenwonenden)",http://standaarden.overheid.nl/owms/terms/sdg_G2
huwelijksgoederenregister inschrijving huwelijkse voorwaarden of partnerschapsvoorwaarden,http://standaarden.overheid.nl/owms/terms/huwGoedRegInsHuwPartVw,G2,Burger- en familierechten,"samenleven van partners met verschillende nationaliteiten, met inbegrip van partners van hetzelfde geslacht (huwelijk, geregistreerd partnerschap, scheiding van tafel en bed, echtscheiding, huwelijksvermogensrechten, rechten van samenwonenden)",http://standaarden.overheid.nl/owms/terms/sdg_G2
huwelijksgoederenregister inzage,http://standaarden.overheid.nl/owms/terms/huwGoedRegInz,G2,Burger- en familierechten,"samenleven van partners met verschillende nationaliteiten, met inbegrip van partners van hetzelfde geslacht (huwelijk, geregistreerd partnerschap, scheiding van tafel en bed, echtscheiding, huwelijksvermogensrechten, rechten van samenwonenden)",http://standaarden.overheid.nl/owms/terms/sdg_G2
inburgeringslening,http://standaarden.overheid.nl/owms/terms/inburgeringslening,D4,Verblijf in een andere lidstaat,"voorschriften betreffende verblijfskaarten voor EU-burgers en hun gezinsleden, waaronder gezinsleden die geen EU-burgers zijn",http://standaarden.overheid.nl/owms/terms/sdg_D4
inburgeringsplicht ontheffing,http://standaarden.overheid.nl/owms/terms/inburgPlOnth,D4,Verblijf in een andere lidstaat,"voorschriften betreffende verblijfskaarten voor EU-burgers en hun gezinsleden, waaronder gezinsleden die geen EU-burgers zijn",http://standaarden.overheid.nl/owms/terms/sdg_D4
inburgeringsplicht vrijstelling,http://standaarden.overheid.nl/owms/terms/inburgPlVrijst,D4,Verblijf in een andere lidstaat,"voorschriften betreffende verblijfskaarten voor EU-burgers en hun gezinsleden, waaronder gezinsleden die geen EU-burgers zijn",http://standaarden.overheid.nl/owms/terms/sdg_D4
individuele goedkeuring voertuig,http://standaarden.overheid.nl/owms/terms/indGoedkVoert,C1,Voertuigen in de Unie,tijdelijke of permanente verplaatsing van motorvoertuigen naar een andere lidstaat,http://standaarden.overheid.nl/owms/terms/sdg_C1
inkoop,http://standaarden.overheid.nl/owms/terms/inkoop,P1,Overheidsopdrachten,deelname aan openbare aanbestedingen: regels en procedures,http://standaarden.overheid.nl/owms/terms/sdg_P1
inkoop,http://standaarden.overheid.nl/owms/terms/inkoop,P2,Overheidsopdrachten,online-inschrijving op openbare aanbestedingen,http://standaarden.overheid.nl/owms/terms/sdg_P2
inreisverbod opheffing,http://standaarden.overheid.nl/owms/terms/inreisverbodOph,A1,Reizen binnen de Unie,"documenten die van EU-burgers, hun gezinsleden die geen EU-burgers zijn, alleenreizende minderjarigen en niet-EU-burgers verlangd worden wanneer zij EU-binnengrenzen overschrijden (identiteitsbewijs, visum, paspoort)",http://standaarden.overheid.nl/owms/terms/sdg_A1
inreisverbod opheffing,http://standaarden.overheid.nl/owms/terms/inreisverbodOph,D4,Verblijf in een andere lidstaat,"voorschriften betreffende verblijfskaarten voor EU-burgers en hun gezinsleden, waaronder gezinsleden die geen EU-burgers zijn",http://standaarden.overheid.nl/owms/terms/sdg_D4
internationale diplomawaardering,http://standaarden.overheid.nl/owms/terms/internatDiplWaard,N3,Diensten,"erkenning van beroepskwalificaties, met inbegrip van beroepsonderwijs en -opleiding",http://standaarden.overheid.nl/owms/terms/sdg_N3
investeringssubsidie duurzame energie,http://standaarden.overheid.nl/owms/terms/investSubsDuurzEner,D2,Verblijf in een andere lidstaat,"koop en verkoop van vastgoed, met inbegrip van voorwaarden en verplichtingen met betrekking tot belasting, eigendom of gebruik van dergelijk vastgoed, waaronder het gebruik ervan als tweede verblijf",http://standaarden.overheid.nl/owms/terms/sdg_D2
iow-uitkering,http://standaarden.overheid.nl/owms/terms/iowUitkering,B9,Werk en pensionering binnen de Unie,"socialezekerheidsrechten en -verplichtingen in de Unie, onder meer in verband met pensioenen",http://standaarden.overheid.nl/owms/terms/sdg_B9
jeugdhulp,http://standaarden.overheid.nl/owms/terms/jeugdhulp,G1,Burger- en familierechten,"geboorte, ouderlijk gezag over minderjarige kinderen, ouderlijke verantwoordelijkheden, regels inzake draagmoederschap en adoptie, met inbegrip van stiefouderadoptie, onderhoudsverplichtingen voor kinderen in een grensoverschrijdende gezinssituatie",http://standaarden.overheid.nl/owms/terms/sdg_G1
jongeren met een handicap onderwijsvoorziening,http://standaarden.overheid.nl/owms/terms/jongHandicOndVoorz,E1,Onderwijs of stage in een andere lidstaat,"onderwijsstelsel in een andere lidstaat, met inbegrip van voor- en vroegschoolse educatie en opvang, basis- en secundair onderwijs, hoger onderwijs en volwassenenonderwijs",http://standaarden.overheid.nl/owms/terms/sdg_E1
kentekenbewijs,http://standaarden.overheid.nl/owms/terms/kentekenbewijs,C5,Voertuigen in de Unie,"nationale verkeersregels en voorschriften voor bestuurders, met inbegrip van algemene regels voor het gebruik van de nationale wegeninfrastructuur: tijdsgebonden heffingen (vignet), afstandsgebonden heffingen (tol), emissiestickers",http://standaarden.overheid.nl/owms/terms/sdg_C5
kentekenoverschrijving bij overlijden,http://standaarden.overheid.nl/owms/terms/kentekOverschOverl,C5,Voertuigen in de Unie,"nationale verkeersregels en voorschriften voor bestuurders, met inbegrip van algemene regels voor het gebruik van de nationale wegeninfrastructuur: tijdsgebonden heffingen (vignet), afstandsgebonden heffingen (tol), emissiestickers",http://standaarden.overheid.nl/owms/terms/sdg_C5
kentekenoverschrijving bij overdracht particulieren,http://standaarden.overheid.nl/owms/terms/kentekOverschOverdrPart,C4,Voertuigen in de Unie,koop en verkoop van motorvoertuigen in een andere lidstaat,http://standaarden.overheid.nl/owms/terms/sdg_C4
kentekenschorsing,http://standaarden.overheid.nl/owms/terms/kentekenschorsing,C5,Voertuigen in de Unie,"nationale verkeersregels en voorschriften voor bestuurders, met inbegrip van algemene regels voor het gebruik van de nationale wegeninfrastructuur: tijdsgebonden heffingen (vignet), afstandsgebonden heffingen (tol), emissiestickers",http://standaarden.overheid.nl/owms/terms/sdg_C5
keurmerk,http://standaarden.overheid.nl/owms/terms/keurmerk,H6,Consumentenrechten,veiligheid en beveiliging van consumentenproducten,http://standaarden.overheid.nl/owms/terms/sdg_H6
kinderbijslag,http://standaarden.overheid.nl/owms/terms/kinderbijslag,G1,Burger- en familierechten,"geboorte, ouderlijk gezag over minderjarige kinderen, ouderlijke verantwoordelijkheden, regels inzake draagmoederschap en adoptie, met inbegrip van stiefouderadoptie, onderhoudsverplichtingen voor kinderen in een grensoverschrijdende gezinssituatie",http://standaarden.overheid.nl/owms/terms/sdg_G1
kinderopvangtoeslag,http://standaarden.overheid.nl/owms/terms/kinderopvangtoeslag,E1,Onderwijs of stage in een andere lidstaat,"onderwijsstelsel in een andere lidstaat, met inbegrip van voor- en vroegschoolse educatie en opvang, basis- en secundair onderwijs, hoger onderwijs en volwassenenonderwijs",http://standaarden.overheid.nl/owms/terms/sdg_E1
kinderopvangtoeslag,http://standaarden.overheid.nl/owms/terms/kinderopvangtoeslag,G1,Burger- en familierechten,"geboorte, ouderlijk gezag over minderjarige kinderen, ouderlijke verantwoordelijkheden, regels inzake draagmoederschap en adoptie, met inbegrip van stiefouderadoptie, onderhoudsverplichtingen voor kinderen in een grensoverschrijdende gezinssituatie",http://standaarden.overheid.nl/owms/terms/sdg_G1
kindgebonden budget,http://standaarden.overheid.nl/owms/terms/kindGebBud,G1,Burger- en familierechten,"geboorte, ouderlijk gezag over minderjarige kinderen, ouderlijke verantwoordelijkheden, regels inzake draagmoederschap en adoptie, met inbegrip van stiefouderadoptie, onderhoudsverplichtingen voor kinderen in een grensoverschrijdende gezinssituatie",http://standaarden.overheid.nl/owms/terms/sdg_G1
klacht vergunninghouder interlandelijke adoptie,http://standaarden.overheid.nl/owms/terms/klachtVerghInterlAdopt,G1,Burger- en familierechten,"geboorte, ouderlijk gezag over minderjarige kinderen, ouderlijke verantwoordelijkheden, regels inzake draagmoederschap en adoptie, met inbegrip van stiefouderadoptie, onderhoudsverplichtingen voor kinderen in een grensoverschrijdende gezinssituatie",http://standaarden.overheid.nl/owms/terms/sdg_G1
klacht zorgaanbieder,http://standaarden.overheid.nl/owms/terms/klachtZorgaanbieder,F1,Gezondheidszorg,een medische behandeling ondergaan in een andere lidstaat,http://standaarden.overheid.nl/owms/terms/sdg_F1
klacht zorgverlener,http://standaarden.overheid.nl/owms/terms/klachtZorgverlener,F1,Gezondheidszorg,een medische behandeling ondergaan in een andere lidstaat,http://standaarden.overheid.nl/owms/terms/sdg_F1
klein vaarbewijs,http://standaarden.overheid.nl/owms/terms/klVaarbew,C2,Voertuigen in de Unie,verkrijging en verlenging van rijbewijzen,http://standaarden.overheid.nl/owms/terms/sdg_C2
leerplichtvrijstelling,http://standaarden.overheid.nl/owms/terms/leerplichtvrijstelling,E1,Onderwijs of stage in een andere lidstaat,"onderwijsstelsel in een andere lidstaat, met inbegrip van voor- en vroegschoolse educatie en opvang, basis- en secundair onderwijs, hoger onderwijs en volwassenenonderwijs",http://standaarden.overheid.nl/owms/terms/sdg_E1
leerwegondersteunend onderwijs toelating,http://standaarden.overheid.nl/owms/terms/leerwegonderstOndToel,E1,Onderwijs of stage in een andere lidstaat,"onderwijsstelsel in een andere lidstaat, met inbegrip van voor- en vroegschoolse educatie en opvang, basis- en secundair onderwijs, hoger onderwijs en volwassenenonderwijs",http://standaarden.overheid.nl/owms/terms/sdg_E1
legalisatie document,http://standaarden.overheid.nl/owms/terms/legalisatie_document,B3,Werk en pensionering binnen de Unie,erkenning van kwalificaties met het oog op werk in een andere lidstaat,http://standaarden.overheid.nl/owms/terms/sdg_B3
lerarenbeurs,http://standaarden.overheid.nl/owms/terms/lerarenbeurs,E1,Onderwijs of stage in een andere lidstaat,"onderwijsstelsel in een andere lidstaat, met inbegrip van voor- en vroegschoolse educatie en opvang, basis- en secundair onderwijs, hoger onderwijs en volwassenenonderwijs",http://standaarden.overheid.nl/owms/terms/sdg_E1
lesgeld,http://standaarden.overheid.nl/owms/terms/lesgeld,E1,Onderwijs of stage in een andere lidstaat,"onderwijsstelsel in een andere lidstaat, met inbegrip van voor- en vroegschoolse educatie en opvang, basis- en secundair onderwijs, hoger onderwijs en volwassenenonderwijs",http://standaarden.overheid.nl/owms/terms/sdg_E1
lesgeld terugbetaling,http://standaarden.overheid.nl/owms/terms/lesgeldTerBet,E1,Onderwijs of stage in een andere lidstaat,"onderwijsstelsel in een andere lidstaat, met inbegrip van voor- en vroegschoolse educatie en opvang, basis- en secundair onderwijs, hoger onderwijs en volwassenenonderwijs",http://standaarden.overheid.nl/owms/terms/sdg_E1
levenlanglerenkrediet,http://standaarden.overheid.nl/owms/terms/levenlanglerenkrediet,E1,Onderwijs of stage in een andere lidstaat,"onderwijsstelsel in een andere lidstaat, met inbegrip van voor- en vroegschoolse educatie en opvang, basis- en secundair onderwijs, hoger onderwijs en volwassenenonderwijs",http://standaarden.overheid.nl/owms/terms/sdg_E1
liquide middelen aangifte bij binnenkomst of verlaten EU,http://standaarden.overheid.nl/owms/terms/liqMiddAangBinnenkVerlEU,A2,Reizen binnen de Unie,"rechten en verplichtingen van reizigers die per vliegtuig, trein, schip of bus in of vanuit de Unie reizen en van personen die pakketreizen of gekoppelde reisarrangementen kopen",http://standaarden.overheid.nl/owms/terms/sdg_A2
loonsuppletie,http://standaarden.overheid.nl/owms/terms/loonsuppl,B6,Werk en pensionering binnen de Unie,"bij wet of wettelijk instrument vastgestelde arbeidsvoorwaarden en -omstandigheden, ook voor gedetacheerde werknemers (met inbegrip van informatie over werktijden, betaald verlof, vakantierechten, rechten en verplichtingen in verband met overuren, medisch onderzoek, beëindiging van contracten en ontslag)",http://standaarden.overheid.nl/owms/terms/sdg_B6
loonsuppletie,http://standaarden.overheid.nl/owms/terms/loonsuppl,F4,Gezondheidszorg,algemene informatie over toegangsrechten en verplichtingen om deel te nemen aan beschikbare preventieve openbare gezondheidsmaatregelen,http://standaarden.overheid.nl/owms/terms/sdg_F4
machtiging voorlopig verblijf,http://standaarden.overheid.nl/owms/terms/machtVoorlVerbl,A1,Reizen binnen de Unie,"documenten die van EU-burgers, hun gezinsleden die geen EU-burgers zijn, alleenreizende minderjarigen en niet-EU-burgers verlangd worden wanneer zij EU-binnengrenzen overschrijden (identiteitsbewijs, visum, paspoort)",http://standaarden.overheid.nl/owms/terms/sdg_A1
machtiging voorlopig verblijf,http://standaarden.overheid.nl/owms/terms/machtVoorlVerbl,D1,Verblijf in een andere lidstaat,tijdelijke of permanente verhuizing naar een andere lidstaat,http://standaarden.overheid.nl/owms/terms/sdg_D1
machtiging voorlopig verblijf,http://standaarden.overheid.nl/owms/terms/machtVoorlVerbl,D4,Verblijf in een andere lidstaat,"voorschriften betreffende verblijfskaarten voor EU-burgers en hun gezinsleden, waaronder gezinsleden die geen EU-burgers zijn",http://standaarden.overheid.nl/owms/terms/sdg_D4
medicijnen mee op reis verklaring,http://standaarden.overheid.nl/owms/terms/medicOpReisVerkl,A4,Reizen binnen de Unie,"vervoer van dieren, planten, alcohol, tabak, sigaretten en andere goederen bij reizen in de Unie",http://standaarden.overheid.nl/owms/terms/sdg_A4
medicijnen mee op reis verklaring,http://standaarden.overheid.nl/owms/terms/medicOpReisVerkl,F2,Gezondheidszorg,online of in persoon geneesmiddelen kopen in een andere lidstaat dan die waar zij door een arts zijn voorgeschreven,http://standaarden.overheid.nl/owms/terms/sdg_F2
medisch dossier,http://standaarden.overheid.nl/owms/terms/medischDossier,F1,Gezondheidszorg,een medische behandeling ondergaan in een andere lidstaat,http://standaarden.overheid.nl/owms/terms/sdg_F1
medische keuring,http://standaarden.overheid.nl/owms/terms/medKeur,B6,Werk en pensionering binnen de Unie,"bij wet of wettelijk instrument vastgestelde arbeidsvoorwaarden en -omstandigheden, ook voor gedetacheerde werknemers (met inbegrip van informatie over werktijden, betaald verlof, vakantierechten, rechten en verplichtingen in verband met overuren, medisch onderzoek, beëindiging van contracten en ontslag)",http://standaarden.overheid.nl/owms/terms/sdg_B6
medische keuring,http://standaarden.overheid.nl/owms/terms/medKeur,K1,Werknemers,"bij wet of wettelijk instrument vastgestelde arbeidsvoorwaarden (met inbegrip van werktijden, betaald verlof, vakantierechten, rechten en verplichtingen in verband met overuren, medisch onderzoek, beëindiging van contracten en ontslag)",http://standaarden.overheid.nl/owms/terms/sdg_K1
meerderjarigheidsverklaring,http://standaarden.overheid.nl/owms/terms/meerderjarigheidsverklaring,G1,Burger- en familierechten,"geboorte, ouderlijk gezag over minderjarige kinderen, ouderlijke verantwoordelijkheden, regels inzake draagmoederschap en adoptie, met inbegrip van stiefouderadoptie, onderhoudsverplichtingen voor kinderen in een grensoverschrijdende gezinssituatie",http://standaarden.overheid.nl/owms/terms/sdg_G1
meldpunt zorgfraude,http://standaarden.overheid.nl/owms/terms/meldpuntZorgfraude,F1,Gezondheidszorg,een medische behandeling ondergaan in een andere lidstaat,http://standaarden.overheid.nl/owms/terms/sdg_F1
motorrijtuigenbelasting vrijstelling buitenlands kenteken,http://standaarden.overheid.nl/owms/terms/MRBelVrijstBuitKent,L5,Belastingen,"overige belastingen: betaling, tarieven, belastingaangiften",http://standaarden.overheid.nl/owms/terms/sdg_L5
motorrijtuigenbelasting vrijstelling tijdelijk verblijf nederland,http://standaarden.overheid.nl/owms/terms/mrbVrijstTVNL,L5,Belastingen,"overige belastingen: betaling, tarieven, belastingaangiften",http://standaarden.overheid.nl/owms/terms/sdg_L5
nalatenschap verklaring,http://standaarden.overheid.nl/owms/terms/nalatenschVerkl,D6,Verblijf in een andere lidstaat,"regels die gelden in geval van overlijden, met inbegrip van regels inzake de repatriëring van stoffelijke overschotten naar een andere lidstaat",http://standaarden.overheid.nl/owms/terms/sdg_D6
nationale accreditatie-instantie,http://standaarden.overheid.nl/owms/terms/natAccInst,M3,Goederen,"vaststelling van toepasselijke normen, technische specificaties en productcertificering",http://standaarden.overheid.nl/owms/terms/sdg_M3
nationale accreditatie-instantie,http://standaarden.overheid.nl/owms/terms/natAccInst,M8,Goederen,"certificering, keurmerken (EMAS, energielabels, ecodesign, EU-milieukeur)",http://standaarden.overheid.nl/owms/terms/sdg_M8
naturalisatieverzoek,http://standaarden.overheid.nl/owms/terms/naturalisatieverzoek,D5,Verblijf in een andere lidstaat,voorwaarden voor de naturalisatie van onderdanen van een andere lidstaat,http://standaarden.overheid.nl/owms/terms/sdg_D5
nederlandse titel aanvraag,http://standaarden.overheid.nl/owms/terms/nederlTitelAanvraag,B3,Werk en pensionering binnen de Unie,erkenning van kwalificaties met het oog op werk in een andere lidstaat,http://standaarden.overheid.nl/owms/terms/sdg_B3
nietigverklaring huwelijk,http://standaarden.overheid.nl/owms/terms/nietigverklHuw,G2,Burger- en familierechten,"samenleven van partners met verschillende nationaliteiten, met inbegrip van partners van hetzelfde geslacht (huwelijk, geregistreerd partnerschap, scheiding van tafel en bed, echtscheiding, huwelijksvermogensrechten, rechten van samenwonenden)",http://standaarden.overheid.nl/owms/terms/sdg_G2
noodreisdocument,http://standaarden.overheid.nl/owms/terms/noodreisdocument,A1,Reizen binnen de Unie,"documenten die van EU-burgers, hun gezinsleden die geen EU-burgers zijn, alleenreizende minderjarigen en niet-EU-burgers verlangd worden wanneer zij EU-binnengrenzen overschrijden (identiteitsbewijs, visum, paspoort)",http://standaarden.overheid.nl/owms/terms/sdg_A1
octrooi,http://standaarden.overheid.nl/owms/terms/octrooi,J3,"Starten, exploiteren en sluiten van een bedrijf","intellectuele-eigendomsrechten (octrooiaanvragen, registratie van handelsmerken, tekeningen of modellen, verwerving van licenties voor reproductie)",http://standaarden.overheid.nl/owms/terms/sdg_J3
omgevingsvergunning,http://standaarden.overheid.nl/owms/terms/omgevingsvergunning,J2,"Starten, exploiteren en sluiten van een bedrijf",verplaatsing van een bedrijf naar een andere lidstaat,http://standaarden.overheid.nl/owms/terms/sdg_J2
omzetbelasting,http://standaarden.overheid.nl/owms/terms/omzetbel,L1,Belastingen,"btw: informatie over de algemene regels, tarieven en vrijstellingen, registratie voor en betaling van btw, verkrijging van teruggave",http://standaarden.overheid.nl/owms/terms/sdg_L1
onderwijsmaster tegemoetkoming,http://standaarden.overheid.nl/owms/terms/onderwMastTgk,E1,Onderwijs of stage in een andere lidstaat,"onderwijsstelsel in een andere lidstaat, met inbegrip van voor- en vroegschoolse educatie en opvang, basis- en secundair onderwijs, hoger onderwijs en volwassenenonderwijs",http://standaarden.overheid.nl/owms/terms/sdg_E1
oneerlijke handelspraktijkenverbod,http://standaarden.overheid.nl/owms/terms/oneerlHandPrakVerb,H5,Consumentenrechten,"consumentenrechten en -waarborgen bij aankoop van goederen en diensten, met inbegrip van procedures voor de beslechting van en vergoeding bij consumentengeschillen",http://standaarden.overheid.nl/owms/terms/sdg_H5
oneerlijke handelspraktijkenverbod,http://standaarden.overheid.nl/owms/terms/oneerlHandPrakVerb,J4,"Starten, exploiteren en sluiten van een bedrijf","billijkheid en transparantie bij handelspraktijken, met inbegrip van consumentenrechten en -waarborgen in verband met de verkoop van goederen en diensten",http://standaarden.overheid.nl/owms/terms/sdg_J4
ongewenstverklaring opheffing,http://standaarden.overheid.nl/owms/terms/ongewVerklOph,A1,Reizen binnen de Unie,"documenten die van EU-burgers, hun gezinsleden die geen EU-burgers zijn, alleenreizende minderjarigen en niet-EU-burgers verlangd worden wanneer zij EU-binnengrenzen overschrijden (identiteitsbewijs, visum, paspoort)",http://standaarden.overheid.nl/owms/terms/sdg_A1
ongewenstverklaring opheffing,http://standaarden.overheid.nl/owms/terms/ongewVerklOph,D4,Verblijf in een andere lidstaat,"voorschriften betreffende verblijfskaarten voor EU-burgers en hun gezinsleden, waaronder gezinsleden die geen EU-burgers zijn",http://standaarden.overheid.nl/owms/terms/sdg_D4
onroerendezaakbelasting (ozb),http://standaarden.overheid.nl/owms/terms/onroerendezaakbelasting_(ozb),D2,Verblijf in een andere lidstaat,"koop en verkoop van vastgoed, met inbegrip van voorwaarden en verplichtingen met betrekking tot belasting, eigendom of gebruik van dergelijk vastgoed, waaronder het gebruik ervan als tweede verblijf",http://standaarden.overheid.nl/owms/terms/sdg_D2
ontheffing verbod balseming,http://standaarden.overheid.nl/owms/terms/onthVerbBalseming,D6,Verblijf in een andere lidstaat,"regels die gelden in geval van overlijden, met inbegrip van regels inzake de repatriëring van stoffelijke overschotten naar een andere lidstaat",http://standaarden.overheid.nl/owms/terms/sdg_D6
ontslagregeling,http://standaarden.overheid.nl/owms/terms/ontslagreg,B6,Werk en pensionering binnen de Unie,"bij wet of wettelijk instrument vastgestelde arbeidsvoorwaarden en -omstandigheden, ook voor gedetacheerde werknemers (met inbegrip van informatie over werktijden, betaald verlof, vakantierechten, rechten en verplichtingen in verband met overuren, medisch onderzoek, beëindiging van contracten en ontslag)",http://standaarden.overheid.nl/owms/terms/sdg_B6
ontslagregeling,http://standaarden.overheid.nl/owms/terms/ontslagreg,K1,Werknemers,"bij wet of wettelijk instrument vastgestelde arbeidsvoorwaarden (met inbegrip van werktijden, betaald verlof, vakantierechten, rechten en verplichtingen in verband met overuren, medisch onderzoek, beëindiging van contracten en ontslag)",http://standaarden.overheid.nl/owms/terms/sdg_K1
ontslagregeling,http://standaarden.overheid.nl/owms/terms/ontslagreg,K2,Werknemers,"socialezekerheidsrechten en -verplichtingen in de Unie (aanmelding als werkgever, aanmelding van werknemers, kennisgeving van beëindiging van een arbeidsovereenkomst, betaling van sociale bijdragen, rechten en verplichtingen in verband met pensioenen)",http://standaarden.overheid.nl/owms/terms/sdg_K2
ov-begeleiderskaart,http://standaarden.overheid.nl/owms/terms/ov-begeleiderskaart,A3,Reizen binnen de Unie,ondersteuning in geval van beperkte mobiliteit bij reizen in of vanuit de Unie,http://standaarden.overheid.nl/owms/terms/sdg_A3
overbruggingsuitkering aow,http://standaarden.overheid.nl/owms/terms/overbrugUitkAow,B9,Werk en pensionering binnen de Unie,"socialezekerheidsrechten en -verplichtingen in de Unie, onder meer in verband met pensioenen",http://standaarden.overheid.nl/owms/terms/sdg_B9
overlijden vermist persoon verklaring,http://standaarden.overheid.nl/owms/terms/overlVermPersVerkl,D6,Verblijf in een andere lidstaat,"regels die gelden in geval van overlijden, met inbegrip van regels inzake de repatriëring van stoffelijke overschotten naar een andere lidstaat",http://standaarden.overheid.nl/owms/terms/sdg_D6
overlijdensaangifte,http://standaarden.overheid.nl/owms/terms/overlijdensaangifte,D6,Verblijf in een andere lidstaat,"regels die gelden in geval van overlijden, met inbegrip van regels inzake de repatriëring van stoffelijke overschotten naar een andere lidstaat",http://standaarden.overheid.nl/owms/terms/sdg_D6
overlijdensuitkering anw,http://standaarden.overheid.nl/owms/terms/overlUitkAnw,G4,Burger- en familierechten,"erfrechten en -plichten in een andere lidstaat, met inbegrip van belastingregels",http://standaarden.overheid.nl/owms/terms/sdg_G4
overlijdensuitkering aow,http://standaarden.overheid.nl/owms/terms/overlUitkAow,G4,Burger- en familierechten,"erfrechten en -plichten in een andere lidstaat, met inbegrip van belastingregels",http://standaarden.overheid.nl/owms/terms/sdg_G4
overlijdensuitkering wajong,http://standaarden.overheid.nl/owms/terms/overlUitkWajong,G4,Burger- en familierechten,"erfrechten en -plichten in een andere lidstaat, met inbegrip van belastingregels",http://standaarden.overheid.nl/owms/terms/sdg_G4
overlijdensuitkering wia,http://standaarden.overheid.nl/owms/terms/overlUitkWia,G4,Burger- en familierechten,"erfrechten en -plichten in een andere lidstaat, met inbegrip van belastingregels",http://standaarden.overheid.nl/owms/terms/sdg_G4
parkeerbelasting,http://standaarden.overheid.nl/owms/terms/parkeerbelasting,D1,Verblijf in een andere lidstaat,tijdelijke of permanente verhuizing naar een andere lidstaat,http://standaarden.overheid.nl/owms/terms/sdg_D1
parkeervergunning,http://standaarden.overheid.nl/owms/terms/parkeervergunning,D1,Verblijf in een andere lidstaat,tijdelijke of permanente verhuizing naar een andere lidstaat,http://standaarden.overheid.nl/owms/terms/sdg_D1
paspoort,http://standaarden.overheid.nl/owms/terms/paspoort,A1,Reizen binnen de Unie,"documenten die van EU-burgers, hun gezinsleden die geen EU-burgers zijn, alleenreizende minderjarigen en niet-EU-burgers verlangd worden wanneer zij EU-binnengrenzen overschrijden (identiteitsbewijs, visum, paspoort)",http://standaarden.overheid.nl/owms/terms/sdg_A1
pensioenregister inzage,http://standaarden.overheid.nl/owms/terms/pensRegInz,B9,Werk en pensionering binnen de Unie,"socialezekerheidsrechten en -verplichtingen in de Unie, onder meer in verband met pensioenen",http://standaarden.overheid.nl/owms/terms/sdg_B9
persoonsgebonden budget,http://standaarden.overheid.nl/owms/terms/persoonsgebonden_budget,B9,Werk en pensionering binnen de Unie,"socialezekerheidsrechten en -verplichtingen in de Unie, onder meer in verband met pensioenen",http://standaarden.overheid.nl/owms/terms/sdg_B9
pleegvergoeding,http://standaarden.overheid.nl/owms/terms/pleegvergoeding,G1,Burger- en familierechten,"geboorte, ouderlijk gezag over minderjarige kinderen, ouderlijke verantwoordelijkheden, regels inzake draagmoederschap en adoptie, met inbegrip van stiefouderadoptie, onderhoudsverplichtingen voor kinderen in een grensoverschrijdende gezinssituatie",http://standaarden.overheid.nl/owms/terms/sdg_G1
postdienst aansprakelijkheid,http://standaarden.overheid.nl/owms/terms/postdnstAanspr,H5,Consumentenrechten,"consumentenrechten en -waarborgen bij aankoop van goederen en diensten, met inbegrip van procedures voor de beslechting van en vergoeding bij consumentengeschillen",http://standaarden.overheid.nl/owms/terms/sdg_H5
postdienst aansprakelijkheid,http://standaarden.overheid.nl/owms/terms/postdnstAanspr,H6,Consumentenrechten,veiligheid en beveiliging van consumentenproducten,http://standaarden.overheid.nl/owms/terms/sdg_H6
postdienst aansprakelijkheid,http://standaarden.overheid.nl/owms/terms/postdnstAanspr,J4,"Starten, exploiteren en sluiten van een bedrijf","billijkheid en transparantie bij handelspraktijken, met inbegrip van consumentenrechten en -waarborgen in verband met de verkoop van goederen en diensten",http://standaarden.overheid.nl/owms/terms/sdg_J4
postdienst aansprakelijkheid,http://standaarden.overheid.nl/owms/terms/postdnstAanspr,M7,Goederen,"producten met gebreken: consumentenrechten en garantie, verantwoordelijkheid na verkoop, rechtsmiddelen voor benadeelde partij",http://standaarden.overheid.nl/owms/terms/sdg_M7
praktijkonderwijs toelating,http://standaarden.overheid.nl/owms/terms/praktOndToel,E1,Onderwijs of stage in een andere lidstaat,"onderwijsstelsel in een andere lidstaat, met inbegrip van voor- en vroegschoolse educatie en opvang, basis- en secundair onderwijs, hoger onderwijs en volwassenenonderwijs",http://standaarden.overheid.nl/owms/terms/sdg_E1
prestatiebeurs in gift omzetting,http://standaarden.overheid.nl/owms/terms/prestBeursGiftOmz,E1,Onderwijs of stage in een andere lidstaat,"onderwijsstelsel in een andere lidstaat, met inbegrip van voor- en vroegschoolse educatie en opvang, basis- en secundair onderwijs, hoger onderwijs en volwassenenonderwijs",http://standaarden.overheid.nl/owms/terms/sdg_E1
proefplaatsing ww,http://standaarden.overheid.nl/owms/terms/proefplWw,B6,Werk en pensionering binnen de Unie,"bij wet of wettelijk instrument vastgestelde arbeidsvoorwaarden en -omstandigheden, ook voor gedetacheerde werknemers (met inbegrip van informatie over werktijden, betaald verlof, vakantierechten, rechten en verplichtingen in verband met overuren, medisch onderzoek, beëindiging van contracten en ontslag)",http://standaarden.overheid.nl/owms/terms/sdg_B6
proefplaatsing ww,http://standaarden.overheid.nl/owms/terms/proefplWw,F4,Gezondheidszorg,algemene informatie over toegangsrechten en verplichtingen om deel te nemen aan beschikbare preventieve openbare gezondheidsmaatregelen,http://standaarden.overheid.nl/owms/terms/sdg_F4
rampbestrijder nabestaandenuitkering,http://standaarden.overheid.nl/owms/terms/rampbestrNabestUitk,G4,Burger- en familierechten,"erfrechten en -plichten in een andere lidstaat, met inbegrip van belastingregels",http://standaarden.overheid.nl/owms/terms/sdg_G4
rampbestrijder uitkering ziekte of invaliditeit,http://standaarden.overheid.nl/owms/terms/rampbestrUitkZiekInva,B9,Werk en pensionering binnen de Unie,"socialezekerheidsrechten en -verplichtingen in de Unie, onder meer in verband met pensioenen",http://standaarden.overheid.nl/owms/terms/sdg_B9
rampbestrijder uitkering ziekte of invaliditeit,http://standaarden.overheid.nl/owms/terms/rampbestrUitkZiekInva,F4,Gezondheidszorg,algemene informatie over toegangsrechten en verplichtingen om deel te nemen aan beschikbare preventieve openbare gezondheidsmaatregelen,http://standaarden.overheid.nl/owms/terms/sdg_F4
re-integratie,http://standaarden.overheid.nl/owms/terms/re-integratie,B6,Werk en pensionering binnen de Unie,"bij wet of wettelijk instrument vastgestelde arbeidsvoorwaarden en -omstandigheden, ook voor gedetacheerde werknemers (met inbegrip van informatie over werktijden, betaald verlof, vakantierechten, rechten en verplichtingen in verband met overuren, medisch onderzoek, beëindiging van contracten en ontslag)",http://standaarden.overheid.nl/owms/terms/sdg_B6
re-integratie,http://standaarden.overheid.nl/owms/terms/re-integratie,B7,Werk en pensionering binnen de Unie,"gelijke behandeling (regels die discriminatie op het werk verbieden, regels inzake gelijke betaling van mannen en vrouwen en inzake gelijke betaling van werknemers met contracten voor bepaalde of onbepaalde tijd)",http://standaarden.overheid.nl/owms/terms/sdg_B7
re-integratie,http://standaarden.overheid.nl/owms/terms/re-integratie,B9,Werk en pensionering binnen de Unie,"socialezekerheidsrechten en -verplichtingen in de Unie, onder meer in verband met pensioenen",http://standaarden.overheid.nl/owms/terms/sdg_B9
register kinderopvang en peuterspeelzalen inzage,http://standaarden.overheid.nl/owms/terms/regKindOpvPeutSpZlInz,E1,Onderwijs of stage in een andere lidstaat,"onderwijsstelsel in een andere lidstaat, met inbegrip van voor- en vroegschoolse educatie en opvang, basis- en secundair onderwijs, hoger onderwijs en volwassenenonderwijs",http://standaarden.overheid.nl/owms/terms/sdg_E1
register kinderopvang en peuterspeelzalen inzage,http://standaarden.overheid.nl/owms/terms/regKindOpvPeutSpZlInz,G1,Burger- en familierechten,"geboorte, ouderlijk gezag over minderjarige kinderen, ouderlijke verantwoordelijkheden, regels inzake draagmoederschap en adoptie, met inbegrip van stiefouderadoptie, onderhoudsverplichtingen voor kinderen in een grensoverschrijdende gezinssituatie",http://standaarden.overheid.nl/owms/terms/sdg_G1
reizen met minderjarige toestemming,http://standaarden.overheid.nl/owms/terms/reizMJToest,A1,Reizen binnen de Unie,"documenten die van EU-burgers, hun gezinsleden die geen EU-burgers zijn, alleenreizende minderjarigen en niet-EU-burgers verlangd worden wanneer zij EU-binnengrenzen overschrijden (identiteitsbewijs, visum, paspoort)",http://standaarden.overheid.nl/owms/terms/sdg_A1
remigratie-uitkering,http://standaarden.overheid.nl/owms/terms/remigrUitk,D1,Verblijf in een andere lidstaat,tijdelijke of permanente verhuizing naar een andere lidstaat,http://standaarden.overheid.nl/owms/terms/sdg_D1
rijbewijs,http://standaarden.overheid.nl/owms/terms/rijbewijs,C2,Voertuigen in de Unie,verkrijging en verlenging van rijbewijzen,http://standaarden.overheid.nl/owms/terms/sdg_C2
rijbewijs buitenlands omwisseling,http://standaarden.overheid.nl/owms/terms/rijbewijs_buitenlands_omwisseling,C2,Voertuigen in de Unie,verkrijging en verlenging van rijbewijzen,http://standaarden.overheid.nl/owms/terms/sdg_C2
rijbewijs echtheidsverklaring,http://standaarden.overheid.nl/owms/terms/rijbewEchthVerkl,C2,Voertuigen in de Unie,verkrijging en verlenging van rijbewijzen,http://standaarden.overheid.nl/owms/terms/sdg_C2
rijbewijs internationaal,http://standaarden.overheid.nl/owms/terms/rijbewijs_internationaal,C2,Voertuigen in de Unie,verkrijging en verlenging van rijbewijzen,http://standaarden.overheid.nl/owms/terms/sdg_C2
rijbewijs teruggaveverzoek,http://standaarden.overheid.nl/owms/terms/rijbTerugVerz,C2,Voertuigen in de Unie,verkrijging en verlenging van rijbewijzen,http://standaarden.overheid.nl/owms/terms/sdg_C2
rijbewijsaanvraag na ongeldigverklaring,http://standaarden.overheid.nl/owms/terms/rijbewAanvrNaOngVerkl,C2,Voertuigen in de Unie,verkrijging en verlenging van rijbewijzen,http://standaarden.overheid.nl/owms/terms/sdg_C2
rijbewijsregister uittreksel,http://standaarden.overheid.nl/owms/terms/rijbewRegUittr,C2,Voertuigen in de Unie,verkrijging en verlenging van rijbewijzen,http://standaarden.overheid.nl/owms/terms/sdg_C2
rioolheffing,http://standaarden.overheid.nl/owms/terms/rioolheffing,D1,Verblijf in een andere lidstaat,tijdelijke of permanente verhuizing naar een andere lidstaat,http://standaarden.overheid.nl/owms/terms/sdg_D1
rni inschrijving,http://standaarden.overheid.nl/owms/terms/rniInschr,D1,Verblijf in een andere lidstaat,tijdelijke of permanente verhuizing naar een andere lidstaat,http://standaarden.overheid.nl/owms/terms/sdg_D1
scheiding van tafel en bed inschrijving,http://standaarden.overheid.nl/owms/terms/scheidTafelBedInschr,G2,Burger- en familierechten,"samenleven van partners met verschillende nationaliteiten, met inbegrip van partners van hetzelfde geslacht (huwelijk, geregistreerd partnerschap, scheiding van tafel en bed, echtscheiding, huwelijksvermogensrechten, rechten van samenwonenden)",http://standaarden.overheid.nl/owms/terms/sdg_G2
scheidingsmelding pensioenfonds,http://standaarden.overheid.nl/owms/terms/scheidMeldPensFnds,B9,Werk en pensionering binnen de Unie,"socialezekerheidsrechten en -verplichtingen in de Unie, onder meer in verband met pensioenen",http://standaarden.overheid.nl/owms/terms/sdg_B9
schengenvisum,http://standaarden.overheid.nl/owms/terms/schengenvisum,A1,Reizen binnen de Unie,"documenten die van EU-burgers, hun gezinsleden die geen EU-burgers zijn, alleenreizende minderjarigen en niet-EU-burgers verlangd worden wanneer zij EU-binnengrenzen overschrijden (identiteitsbewijs, visum, paspoort)",http://standaarden.overheid.nl/owms/terms/sdg_A1
schengenvisum,http://standaarden.overheid.nl/owms/terms/schengenvisum,D4,Verblijf in een andere lidstaat,"voorschriften betreffende verblijfskaarten voor EU-burgers en hun gezinsleden, waaronder gezinsleden die geen EU-burgers zijn",http://standaarden.overheid.nl/owms/terms/sdg_D4
schenkbelasting,http://standaarden.overheid.nl/owms/terms/schenkbelasting,G4,Burger- en familierechten,"erfrechten en -plichten in een andere lidstaat, met inbegrip van belastingregels",http://standaarden.overheid.nl/owms/terms/sdg_G4
schenkbelasting kwijtschelding,http://standaarden.overheid.nl/owms/terms/schenkbelKwijtsch,D6,Verblijf in een andere lidstaat,"regels die gelden in geval van overlijden, met inbegrip van regels inzake de repatriëring van stoffelijke overschotten naar een andere lidstaat",http://standaarden.overheid.nl/owms/terms/sdg_D6
schenkbelasting kwijtschelding,http://standaarden.overheid.nl/owms/terms/schenkbelKwijtsch,G4,Burger- en familierechten,"erfrechten en -plichten in een andere lidstaat, met inbegrip van belastingregels",http://standaarden.overheid.nl/owms/terms/sdg_G4
schip teboekstelling,http://standaarden.overheid.nl/owms/terms/schipTeboekstel,C5,Voertuigen in de Unie,"nationale verkeersregels en voorschriften voor bestuurders, met inbegrip van algemene regels voor het gebruik van de nationale wegeninfrastructuur: tijdsgebonden heffingen (vignet), afstandsgebonden heffingen (tol), emissiestickers",http://standaarden.overheid.nl/owms/terms/sdg_C5
scholingsvoucher ww,http://standaarden.overheid.nl/owms/terms/scholingsvouchWw,E1,Onderwijs of stage in een andere lidstaat,"onderwijsstelsel in een andere lidstaat, met inbegrip van voor- en vroegschoolse educatie en opvang, basis- en secundair onderwijs, hoger onderwijs en volwassenenonderwijs",http://standaarden.overheid.nl/owms/terms/sdg_E1
schuldkwijtschelding wajong,http://standaarden.overheid.nl/owms/terms/schKwijtsWajong,B9,Werk en pensionering binnen de Unie,"socialezekerheidsrechten en -verplichtingen in de Unie, onder meer in verband met pensioenen",http://standaarden.overheid.nl/owms/terms/sdg_B9
schuldkwijtschelding wia,http://standaarden.overheid.nl/owms/terms/schKwijtsWia,B9,Werk en pensionering binnen de Unie,"socialezekerheidsrechten en -verplichtingen in de Unie, onder meer in verband met pensioenen",http://standaarden.overheid.nl/owms/terms/sdg_B9
schuldkwijtschelding ww,http://standaarden.overheid.nl/owms/terms/schKwijtsWw,B6,Werk en pensionering binnen de Unie,"bij wet of wettelijk instrument vastgestelde arbeidsvoorwaarden en -omstandigheden, ook voor gedetacheerde werknemers (met inbegrip van informatie over werktijden, betaald verlof, vakantierechten, rechten en verplichtingen in verband met overuren, medisch onderzoek, beëindiging van contracten en ontslag)",http://standaarden.overheid.nl/owms/terms/sdg_B6
schuldkwijtschelding ziektewet,http://standaarden.overheid.nl/owms/terms/schKwijtsZw,B9,Werk en pensionering binnen de Unie,"socialezekerheidsrechten en -verplichtingen in de Unie, onder meer in verband met pensioenen",http://standaarden.overheid.nl/owms/terms/sdg_B9
snelle motorboot registratie,http://standaarden.overheid.nl/owms/terms/snelMbootReg,C5,Voertuigen in de Unie,"nationale verkeersregels en voorschriften voor bestuurders, met inbegrip van algemene regels voor het gebruik van de nationale wegeninfrastructuur: tijdsgebonden heffingen (vignet), afstandsgebonden heffingen (tol), emissiestickers",http://standaarden.overheid.nl/owms/terms/sdg_C5
sollicitatieplichtontheffing ww,http://standaarden.overheid.nl/owms/terms/solliPlOnthWw,B6,Werk en pensionering binnen de Unie,"bij wet of wettelijk instrument vastgestelde arbeidsvoorwaarden en -omstandigheden, ook voor gedetacheerde werknemers (met inbegrip van informatie over werktijden, betaald verlof, vakantierechten, rechten en verplichtingen in verband met overuren, medisch onderzoek, beëindiging van contracten en ontslag)",http://standaarden.overheid.nl/owms/terms/sdg_B6
speciaal onderwijs toelating,http://standaarden.overheid.nl/owms/terms/specOndToel,E1,Onderwijs of stage in een andere lidstaat,"onderwijsstelsel in een andere lidstaat, met inbegrip van voor- en vroegschoolse educatie en opvang, basis- en secundair onderwijs, hoger onderwijs en volwassenenonderwijs",http://standaarden.overheid.nl/owms/terms/sdg_E1
staatsexamen nt2 aanpassing,http://standaarden.overheid.nl/owms/terms/staatsexamenNt2Aanp,E1,Onderwijs of stage in een andere lidstaat,"onderwijsstelsel in een andere lidstaat, met inbegrip van voor- en vroegschoolse educatie en opvang, basis- en secundair onderwijs, hoger onderwijs en volwassenenonderwijs",http://standaarden.overheid.nl/owms/terms/sdg_E1
staatsexamen toelating,http://standaarden.overheid.nl/owms/terms/staatsexamenToel,E1,Onderwijs of stage in een andere lidstaat,"onderwijsstelsel in een andere lidstaat, met inbegrip van voor- en vroegschoolse educatie en opvang, basis- en secundair onderwijs, hoger onderwijs en volwassenenonderwijs",http://standaarden.overheid.nl/owms/terms/sdg_E1
startkwalificatieplicht,http://standaarden.overheid.nl/owms/terms/startkwalPlicht,E1,Onderwijs of stage in een andere lidstaat,"onderwijsstelsel in een andere lidstaat, met inbegrip van voor- en vroegschoolse educatie en opvang, basis- en secundair onderwijs, hoger onderwijs en volwassenenonderwijs",http://standaarden.overheid.nl/owms/terms/sdg_E1
stemmen per brief,http://standaarden.overheid.nl/owms/terms/stemmen_per_brief,D3,Verblijf in een andere lidstaat,deelname aan gemeentelijke verkiezingen en verkiezingen voor het Europees Parlement,http://standaarden.overheid.nl/owms/terms/sdg_D3
storing draadloze apparatuur melding,http://standaarden.overheid.nl/owms/terms/storDraadlAppMeld,A5,Reizen binnen de Unie,spraaktelefonie en verzending en ontvangst van elektronische berichten en elektronische gegevens binnen de Unie,http://standaarden.overheid.nl/owms/terms/sdg_A5
studenten ov-vergoeding,http://standaarden.overheid.nl/owms/terms/studOvVerg,E1,Onderwijs of stage in een andere lidstaat,"onderwijsstelsel in een andere lidstaat, met inbegrip van voor- en vroegschoolse educatie en opvang, basis- en secundair onderwijs, hoger onderwijs en volwassenenonderwijs",http://standaarden.overheid.nl/owms/terms/sdg_E1
studenten ov-vergoeding,http://standaarden.overheid.nl/owms/terms/studOvVerg,E3,Onderwijs of stage in een andere lidstaat,stage lopen in een andere lidstaat,http://standaarden.overheid.nl/owms/terms/sdg_E3
studiefinanciering,http://standaarden.overheid.nl/owms/terms/studiefinanciering,E1,Onderwijs of stage in een andere lidstaat,"onderwijsstelsel in een andere lidstaat, met inbegrip van voor- en vroegschoolse educatie en opvang, basis- en secundair onderwijs, hoger onderwijs en volwassenenonderwijs",http://standaarden.overheid.nl/owms/terms/sdg_E1
studiefinanciering,http://standaarden.overheid.nl/owms/terms/studiefinanciering,E3,Onderwijs of stage in een andere lidstaat,stage lopen in een andere lidstaat,http://standaarden.overheid.nl/owms/terms/sdg_E3
studiekosten leraren tegemoetkoming,http://standaarden.overheid.nl/owms/terms/studiekstLerTeg,E1,Onderwijs of stage in een andere lidstaat,"onderwijsstelsel in een andere lidstaat, met inbegrip van voor- en vroegschoolse educatie en opvang, basis- en secundair onderwijs, hoger onderwijs en volwassenenonderwijs",http://standaarden.overheid.nl/owms/terms/sdg_E1
subsidie,http://standaarden.overheid.nl/owms/terms/subsidie,O3,Bedrijfsfinanciering,"op ondernemers gerichte initiatieven (uitwisselingen voor nieuwe ondernemers, mentorprogramma’s enz.)",http://standaarden.overheid.nl/owms/terms/sdg_O3
surceance van betaling,http://standaarden.overheid.nl/owms/terms/surcbet,J7,"Starten, exploiteren en sluiten van een bedrijf",insolventieprocedures en liquidatie van bedrijven,http://standaarden.overheid.nl/owms/terms/sdg_J7
taxivervoer klacht,http://standaarden.overheid.nl/owms/terms/taxivervoerKlacht,M7,Goederen,"producten met gebreken: consumentenrechten en garantie, verantwoordelijkheid na verkoop, rechtsmiddelen voor benadeelde partij",http://standaarden.overheid.nl/owms/terms/sdg_M7
telecommunicatiewet geschilbeslechting,http://standaarden.overheid.nl/owms/terms/telecomWetGeschBesl,H3,Consumentenrechten,"aansluiting op nutsvoorzieningen, zoals gas, elektriciteit, water, verwijdering van huishoudelijk afval, telecommunicatie en internet",http://standaarden.overheid.nl/owms/terms/sdg_H3
telecommunicatiewet geschilbeslechting,http://standaarden.overheid.nl/owms/terms/telecomWetGeschBesl,H5,Consumentenrechten,"consumentenrechten en -waarborgen bij aankoop van goederen en diensten, met inbegrip van procedures voor de beslechting van en vergoeding bij consumentengeschillen",http://standaarden.overheid.nl/owms/terms/sdg_H5
telecommunicatiewet geschilbeslechting,http://standaarden.overheid.nl/owms/terms/telecomWetGeschBesl,J4,"Starten, exploiteren en sluiten van een bedrijf","billijkheid en transparantie bij handelspraktijken, met inbegrip van consumentenrechten en -waarborgen in verband met de verkoop van goederen en diensten",http://standaarden.overheid.nl/owms/terms/sdg_J4
terugkeervisum,http://standaarden.overheid.nl/owms/terms/terugkeervisum,A1,Reizen binnen de Unie,"documenten die van EU-burgers, hun gezinsleden die geen EU-burgers zijn, alleenreizende minderjarigen en niet-EU-burgers verlangd worden wanneer zij EU-binnengrenzen overschrijden (identiteitsbewijs, visum, paspoort)",http://standaarden.overheid.nl/owms/terms/sdg_A1
terugkeervisum,http://standaarden.overheid.nl/owms/terms/terugkeervisum,D4,Verblijf in een andere lidstaat,"voorschriften betreffende verblijfskaarten voor EU-burgers en hun gezinsleden, waaronder gezinsleden die geen EU-burgers zijn",http://standaarden.overheid.nl/owms/terms/sdg_D4
tijdelijk en incidenteel werken in gereglementeerd beroep melding,http://standaarden.overheid.nl/owms/terms/tijdIncWerkGeregBerMeld,B2,Werk en pensionering binnen de Unie,gaan werken in een andere lidstaat,http://standaarden.overheid.nl/owms/terms/sdg_B2
tijdelijke opheffing geschorst kenteken,http://standaarden.overheid.nl/owms/terms/tijdOphGeschKent,C4,Voertuigen in de Unie,koop en verkoop van motorvoertuigen in een andere lidstaat,http://standaarden.overheid.nl/owms/terms/sdg_C4
tijdelijke opheffing geschorst kenteken,http://standaarden.overheid.nl/owms/terms/tijdOphGeschKent,C5,Voertuigen in de Unie,"nationale verkeersregels en voorschriften voor bestuurders, met inbegrip van algemene regels voor het gebruik van de nationale wegeninfrastructuur: tijdsgebonden heffingen (vignet), afstandsgebonden heffingen (tol), emissiestickers",http://standaarden.overheid.nl/owms/terms/sdg_C5
toeristenbelasting,http://standaarden.overheid.nl/owms/terms/toeristenbelasting,A2,Reizen binnen de Unie,"rechten en verplichtingen van reizigers die per vliegtuig, trein, schip of bus in of vanuit de Unie reizen en van personen die pakketreizen of gekoppelde reisarrangementen kopen",http://standaarden.overheid.nl/owms/terms/sdg_A2
toeristenvisum,http://standaarden.overheid.nl/owms/terms/toeristenvisum,A1,Reizen binnen de Unie,"documenten die van EU-burgers, hun gezinsleden die geen EU-burgers zijn, alleenreizende minderjarigen en niet-EU-burgers verlangd worden wanneer zij EU-binnengrenzen overschrijden (identiteitsbewijs, visum, paspoort)",http://standaarden.overheid.nl/owms/terms/sdg_A1
toeslag toeslagenwet,http://standaarden.overheid.nl/owms/terms/toeslagToeslagenwet,B6,Werk en pensionering binnen de Unie,"bij wet of wettelijk instrument vastgestelde arbeidsvoorwaarden en -omstandigheden, ook voor gedetacheerde werknemers (met inbegrip van informatie over werktijden, betaald verlof, vakantierechten, rechten en verplichtingen in verband met overuren, medisch onderzoek, beëindiging van contracten en ontslag)",http://standaarden.overheid.nl/owms/terms/sdg_B6
uitspraak huurcommissie verzoek,http://standaarden.overheid.nl/owms/terms/uitsprHuurcommVerz,D1,Verblijf in een andere lidstaat,tijdelijke of permanente verhuizing naar een andere lidstaat,http://standaarden.overheid.nl/owms/terms/sdg_D1
uwv reiskostenvergoeding,http://standaarden.overheid.nl/owms/terms/uwvReiskVerg,B9,Werk en pensionering binnen de Unie,"socialezekerheidsrechten en -verplichtingen in de Unie, onder meer in verband met pensioenen",http://standaarden.overheid.nl/owms/terms/sdg_B9
vakantiemelding ww,http://standaarden.overheid.nl/owms/terms/vakMldWw,B6,Werk en pensionering binnen de Unie,"bij wet of wettelijk instrument vastgestelde arbeidsvoorwaarden en -omstandigheden, ook voor gedetacheerde werknemers (met inbegrip van informatie over werktijden, betaald verlof, vakantierechten, rechten en verplichtingen in verband met overuren, medisch onderzoek, beëindiging van contracten en ontslag)",http://standaarden.overheid.nl/owms/terms/sdg_B6
vakantierecht,http://standaarden.overheid.nl/owms/terms/vakantierecht,B6,Werk en pensionering binnen de Unie,"bij wet of wettelijk instrument vastgestelde arbeidsvoorwaarden en -omstandigheden, ook voor gedetacheerde werknemers (met inbegrip van informatie over werktijden, betaald verlof, vakantierechten, rechten en verplichtingen in verband met overuren, medisch onderzoek, beëindiging van contracten en ontslag)",http://standaarden.overheid.nl/owms/terms/sdg_B6
vakantierecht,http://standaarden.overheid.nl/owms/terms/vakantierecht,K1,Werknemers,"bij wet of wettelijk instrument vastgestelde arbeidsvoorwaarden (met inbegrip van werktijden, betaald verlof, vakantierechten, rechten en verplichtingen in verband met overuren, medisch onderzoek, beëindiging van contracten en ontslag)",http://standaarden.overheid.nl/owms/terms/sdg_K1
vakbekwaamheid certificaat,http://standaarden.overheid.nl/owms/terms/vakbekwCert,B3,Werk en pensionering binnen de Unie,erkenning van kwalificaties met het oog op werk in een andere lidstaat,http://standaarden.overheid.nl/owms/terms/sdg_B3
vakbekwaamheid certificaat,http://standaarden.overheid.nl/owms/terms/vakbekwCert,H5,Consumentenrechten,"consumentenrechten en -waarborgen bij aankoop van goederen en diensten, met inbegrip van procedures voor de beslechting van en vergoeding bij consumentengeschillen",http://standaarden.overheid.nl/owms/terms/sdg_H5
verblijfsvergunning,http://standaarden.overheid.nl/owms/terms/verblijfsvergunning,A1,Reizen binnen de Unie,"documenten die van EU-burgers, hun gezinsleden die geen EU-burgers zijn, alleenreizende minderjarigen en niet-EU-burgers verlangd worden wanneer zij EU-binnengrenzen overschrijden (identiteitsbewijs, visum, paspoort)",http://standaarden.overheid.nl/owms/terms/sdg_A1
verblijfsvergunning,http://standaarden.overheid.nl/owms/terms/verblijfsvergunning,D4,Verblijf in een andere lidstaat,"voorschriften betreffende verblijfskaarten voor EU-burgers en hun gezinsleden, waaronder gezinsleden die geen EU-burgers zijn",http://standaarden.overheid.nl/owms/terms/sdg_D4
verbod op permanente nachtarbeid ontheffing,http://standaarden.overheid.nl/owms/terms/verbodPermNachtarbOnth,B8,Werk en pensionering binnen de Unie,verplichtingen in verband met gezondheid en veiligheid voor verschillende soorten activiteiten,http://standaarden.overheid.nl/owms/terms/sdg_B8
verbod op permanente nachtarbeid ontheffing,http://standaarden.overheid.nl/owms/terms/verbodPermNachtarbOnth,K1,Werknemers,"bij wet of wettelijk instrument vastgestelde arbeidsvoorwaarden (met inbegrip van werktijden, betaald verlof, vakantierechten, rechten en verplichtingen in verband met overuren, medisch onderzoek, beëindiging van contracten en ontslag)",http://standaarden.overheid.nl/owms/terms/sdg_K1
vereisten benoeming leraar vo ontheffing,http://standaarden.overheid.nl/owms/terms/vereisBenLerVoOnth,B3,Werk en pensionering binnen de Unie,erkenning van kwalificaties met het oog op werk in een andere lidstaat,http://standaarden.overheid.nl/owms/terms/sdg_B3
verkeersbesluit,http://standaarden.overheid.nl/owms/terms/verkeersbesluit,C5,Voertuigen in de Unie,"nationale verkeersregels en voorschriften voor bestuurders, met inbegrip van algemene regels voor het gebruik van de nationale wegeninfrastructuur: tijdsgebonden heffingen (vignet), afstandsgebonden heffingen (tol), emissiestickers",http://standaarden.overheid.nl/owms/terms/sdg_C5
verklaring omtrent gedrag (vog),http://standaarden.overheid.nl/owms/terms/verklaring_omtrent_gedrag_(vog),B8,Werk en pensionering binnen de Unie,verplichtingen in verband met gezondheid en veiligheid voor verschillende soorten activiteiten,http://standaarden.overheid.nl/owms/terms/sdg_B8
vervangend kentekenbewijs of tenaamstellingscode,http://standaarden.overheid.nl/owms/terms/vervKentBewTenStCode,C5,Voertuigen in de Unie,"nationale verkeersregels en voorschriften voor bestuurders, met inbegrip van algemene regels voor het gebruik van de nationale wegeninfrastructuur: tijdsgebonden heffingen (vignet), afstandsgebonden heffingen (tol), emissiestickers",http://standaarden.overheid.nl/owms/terms/sdg_C5
vervoersdocumenten stoffelijk overschot,http://standaarden.overheid.nl/owms/terms/vervoersdocumenten_stoffelijk_overschot,D6,Verblijf in een andere lidstaat,"regels die gelden in geval van overlijden, met inbegrip van regels inzake de repatriëring van stoffelijke overschotten naar een andere lidstaat",http://standaarden.overheid.nl/owms/terms/sdg_D6
verzekeringsplicht sociale verzekeringen ontheffing,http://standaarden.overheid.nl/owms/terms/verzekPlSocVerzOnth,B9,Werk en pensionering binnen de Unie,"socialezekerheidsrechten en -verplichtingen in de Unie, onder meer in verband met pensioenen",http://standaarden.overheid.nl/owms/terms/sdg_B9
verzekeringsplicht volksverzekeringen ontheffing,http://standaarden.overheid.nl/owms/terms/verzekPlVolksverzOnth,B9,Werk en pensionering binnen de Unie,"socialezekerheidsrechten en -verplichtingen in de Unie, onder meer in verband met pensioenen",http://standaarden.overheid.nl/owms/terms/sdg_B9
voogdbenoeming verzoek,http://standaarden.overheid.nl/owms/terms/voogdbenVerz,G1,Burger- en familierechten,"geboorte, ouderlijk gezag over minderjarige kinderen, ouderlijke verantwoordelijkheden, regels inzake draagmoederschap en adoptie, met inbegrip van stiefouderadoptie, onderhoudsverplichtingen voor kinderen in een grensoverschrijdende gezinssituatie",http://standaarden.overheid.nl/owms/terms/sdg_G1
voogdij aantekening gezagsregister,http://standaarden.overheid.nl/owms/terms/voogdAantGezReg,G1,Burger- en familierechten,"geboorte, ouderlijk gezag over minderjarige kinderen, ouderlijke verantwoordelijkheden, regels inzake draagmoederschap en adoptie, met inbegrip van stiefouderadoptie, onderhoudsverplichtingen voor kinderen in een grensoverschrijdende gezinssituatie",http://standaarden.overheid.nl/owms/terms/sdg_G1
vooropleidingseisen hoger onderwijs vrijstelling,http://standaarden.overheid.nl/owms/terms/vooroplEisHoVrijst,E1,Onderwijs of stage in een andere lidstaat,"onderwijsstelsel in een andere lidstaat, met inbegrip van voor- en vroegschoolse educatie en opvang, basis- en secundair onderwijs, hoger onderwijs en volwassenenonderwijs",http://standaarden.overheid.nl/owms/terms/sdg_E1
vreemdeling verhuismelding,http://standaarden.overheid.nl/owms/terms/vreemdVerhMld,D1,Verblijf in een andere lidstaat,tijdelijke of permanente verhuizing naar een andere lidstaat,http://standaarden.overheid.nl/owms/terms/sdg_D1
vreemdeling verhuismelding,http://standaarden.overheid.nl/owms/terms/vreemdVerhMld,D4,Verblijf in een andere lidstaat,"voorschriften betreffende verblijfskaarten voor EU-burgers en hun gezinsleden, waaronder gezinsleden die geen EU-burgers zijn",http://standaarden.overheid.nl/owms/terms/sdg_D4
vrijwillige inkoop aow,http://standaarden.overheid.nl/owms/terms/VrijwInkAow,B9,Werk en pensionering binnen de Unie,"socialezekerheidsrechten en -verplichtingen in de Unie, onder meer in verband met pensioenen",http://standaarden.overheid.nl/owms/terms/sdg_B9
vrijwillige verzekering anw,http://standaarden.overheid.nl/owms/terms/VrijwVerzAnw,G4,Burger- en familierechten,"erfrechten en -plichten in een andere lidstaat, met inbegrip van belastingregels",http://standaarden.overheid.nl/owms/terms/sdg_G4
vrijwillige verzekering aow,http://standaarden.overheid.nl/owms/terms/VrijwVerzAow,B9,Werk en pensionering binnen de Unie,"socialezekerheidsrechten en -verplichtingen in de Unie, onder meer in verband met pensioenen",http://standaarden.overheid.nl/owms/terms/sdg_B9
vrijwillige verzekering ww,http://standaarden.overheid.nl/owms/terms/VrijwVerzWw,B6,Werk en pensionering binnen de Unie,"bij wet of wettelijk instrument vastgestelde arbeidsvoorwaarden en -omstandigheden, ook voor gedetacheerde werknemers (met inbegrip van informatie over werktijden, betaald verlof, vakantierechten, rechten en verplichtingen in verband met overuren, medisch onderzoek, beëindiging van contracten en ontslag)",http://standaarden.overheid.nl/owms/terms/sdg_B6
wa-verzekeringsplicht,http://standaarden.overheid.nl/owms/terms/waVerzPl,B5,Werk en pensionering binnen de Unie,regels inzake aansprakelijkheid en verplichte verzekeringen in verband met verblijf of werk in een andere lidstaat,http://standaarden.overheid.nl/owms/terms/sdg_B5
wa-verzekeringsplicht,http://standaarden.overheid.nl/owms/terms/waVerzPl,C3,Voertuigen in de Unie,verplichte motorrijtuigenverzekering,http://standaarden.overheid.nl/owms/terms/sdg_C3
wa-verzekeringsplicht vrijstelling,http://standaarden.overheid.nl/owms/terms/waVerzPlVrijst,C3,Voertuigen in de Unie,verplichte motorrijtuigenverzekering,http://standaarden.overheid.nl/owms/terms/sdg_C3
waarborgfonds motorverkeer schadevergoeding,http://standaarden.overheid.nl/owms/terms/wbFndsMotVerkSchVerg,C3,Voertuigen in de Unie,verplichte motorrijtuigenverzekering,http://standaarden.overheid.nl/owms/terms/sdg_C3
wajong-uitkering,http://standaarden.overheid.nl/owms/terms/wajong-uitkering,B9,Werk en pensionering binnen de Unie,"socialezekerheidsrechten en -verplichtingen in de Unie, onder meer in verband met pensioenen",http://standaarden.overheid.nl/owms/terms/sdg_B9
werktijden aanpassingsverzoek,http://standaarden.overheid.nl/owms/terms/werktijdenAanpVerz,K1,Werknemers,"bij wet of wettelijk instrument vastgestelde arbeidsvoorwaarden (met inbegrip van werktijden, betaald verlof, vakantierechten, rechten en verplichtingen in verband met overuren, medisch onderzoek, beëindiging van contracten en ontslag)",http://standaarden.overheid.nl/owms/terms/sdg_K1
werktijdenregeling,http://standaarden.overheid.nl/owms/terms/werktijdreg,B6,Werk en pensionering binnen de Unie,"bij wet of wettelijk instrument vastgestelde arbeidsvoorwaarden en -omstandigheden, ook voor gedetacheerde werknemers (met inbegrip van informatie over werktijden, betaald verlof, vakantierechten, rechten en verplichtingen in verband met overuren, medisch onderzoek, beëindiging van contracten en ontslag)",http://standaarden.overheid.nl/owms/terms/sdg_B6
werktijdenregeling,http://standaarden.overheid.nl/owms/terms/werktijdreg,K1,Werknemers,"bij wet of wettelijk instrument vastgestelde arbeidsvoorwaarden (met inbegrip van werktijden, betaald verlof, vakantierechten, rechten en verplichtingen in verband met overuren, medisch onderzoek, beëindiging van contracten en ontslag)",http://standaarden.overheid.nl/owms/terms/sdg_K1
werkzoekende inschrijving,http://standaarden.overheid.nl/owms/terms/werkzInschr,B6,Werk en pensionering binnen de Unie,"bij wet of wettelijk instrument vastgestelde arbeidsvoorwaarden en -omstandigheden, ook voor gedetacheerde werknemers (met inbegrip van informatie over werktijden, betaald verlof, vakantierechten, rechten en verplichtingen in verband met overuren, medisch onderzoek, beëindiging van contracten en ontslag)",http://standaarden.overheid.nl/owms/terms/sdg_B6
wia-uitkering,http://standaarden.overheid.nl/owms/terms/wia-uitkering,B9,Werk en pensionering binnen de Unie,"socialezekerheidsrechten en -verplichtingen in de Unie, onder meer in verband met pensioenen",http://standaarden.overheid.nl/owms/terms/sdg_B9
wlz-indicatie,http://standaarden.overheid.nl/owms/terms/wlzIindicatie,F6,Gezondheidszorg,rechten en voorwaarden om naar een woonzorgcentrum te verhuizen,http://standaarden.overheid.nl/owms/terms/sdg_F6
wlz-zorg in buitenland vergoeding,http://standaarden.overheid.nl/owms/terms/wlzZorgBuitVerg,F6,Gezondheidszorg,rechten en voorwaarden om naar een woonzorgcentrum te verhuizen,http://standaarden.overheid.nl/owms/terms/sdg_F6
woonzorgcentrum of serviceflat,http://standaarden.overheid.nl/owms/terms/wnzCntSrvFlat,F6,Gezondheidszorg,rechten en voorwaarden om naar een woonzorgcentrum te verhuizen,http://standaarden.overheid.nl/owms/terms/sdg_F6
ww-uitkering,http://standaarden.overheid.nl/owms/terms/wwUitkering,B6,Werk en pensionering binnen de Unie,"bij wet of wettelijk instrument vastgestelde arbeidsvoorwaarden en -omstandigheden, ook voor gedetacheerde werknemers (met inbegrip van informatie over werktijden, betaald verlof, vakantierechten, rechten en verplichtingen in verband met overuren, medisch onderzoek, beëindiging van contracten en ontslag)",http://standaarden.overheid.nl/owms/terms/sdg_B6
ww-uitkering bij betalingsonmacht werkgever,http://standaarden.overheid.nl/owms/terms/wwUitkBetOnmWG,B6,Werk en pensionering binnen de Unie,"bij wet of wettelijk instrument vastgestelde arbeidsvoorwaarden en -omstandigheden, ook voor gedetacheerde werknemers (met inbegrip van informatie over werktijden, betaald verlof, vakantierechten, rechten en verplichtingen in verband met overuren, medisch onderzoek, beëindiging van contracten en ontslag)",http://standaarden.overheid.nl/owms/terms/sdg_B6
ww-uitkering bij betalingsonmacht werkgever,http://standaarden.overheid.nl/owms/terms/wwUitkBetOnmWG,B9,Werk en pensionering binnen de Unie,"socialezekerheidsrechten en -verplichtingen in de Unie, onder meer in verband met pensioenen",http://standaarden.overheid.nl/owms/terms/sdg_B9
ww-uitkering bij betalingsonmacht werkgever,http://standaarden.overheid.nl/owms/terms/wwUitkBetOnmWG,J7,"Starten, exploiteren en sluiten van een bedrijf",insolventieprocedures en liquidatie van bedrijven,http://standaarden.overheid.nl/owms/terms/sdg_J7
ziektewetuitkering,http://standaarden.overheid.nl/owms/terms/ziektewetuitkering,B9,Werk en pensionering binnen de Unie,"socialezekerheidsrechten en -verplichtingen in de Unie, onder meer in verband met pensioenen",http://standaarden.overheid.nl/owms/terms/sdg_B9
zorgtoeslag,http://standaarden.overheid.nl/owms/terms/zorgtoeslag,F1,Gezondheidszorg,een medische behandeling ondergaan in een andere lidstaat,http://standaarden.overheid.nl/owms/terms/sdg_F1
zorgverlof,http://standaarden.overheid.nl/owms/terms/zorgverlof,B6,Werk en pensionering binnen de Unie,"bij wet of wettelijk instrument vastgestelde arbeidsvoorwaarden en -omstandigheden, ook voor gedetacheerde werknemers (met inbegrip van informatie over werktijden, betaald verlof, vakantierechten, rechten en verplichtingen in verband met overuren, medisch onderzoek, beëindiging van contracten en ontslag)",http://standaarden.overheid.nl/owms/terms/sdg_B6
zorgverzekeringsplicht,http://standaarden.overheid.nl/owms/terms/zorgverzPl,B5,Werk en pensionering binnen de Unie,regels inzake aansprakelijkheid en verplichte verzekeringen in verband met verblijf of werk in een andere lidstaat,http://standaarden.overheid.nl/owms/terms/sdg_B5
zorgverzekeringsplicht,http://standaarden.overheid.nl/owms/terms/zorgverzPl,F1,Gezondheidszorg,een medische behandeling ondergaan in een andere lidstaat,http://standaarden.overheid.nl/owms/terms/sdg_F1
zorgverzekeringsplicht vrijstelling,http://standaarden.overheid.nl/owms/terms/zorgverzPlVrijst,F1,Gezondheidszorg,een medische behandeling ondergaan in een andere lidstaat,http://standaarden.overheid.nl/owms/terms/sdg_F1
zwangerschaps- en bevallingsverlof,http://standaarden.overheid.nl/owms/terms/zwangerschBevalVerl,B6,Werk en pensionering binnen de Unie,"bij wet of wettelijk instrument vastgestelde arbeidsvoorwaarden en -omstandigheden, ook voor gedetacheerde werknemers (met inbegrip van informatie over werktijden, betaald verlof, vakantierechten, rechten en verplichtingen in verband met overuren, medisch onderzoek, beëindiging van contracten en ontslag)",http://standaarden.overheid.nl/owms/terms/sdg_B6
zwangerschaps- en bevallingsverlof,http://standaarden.overheid.nl/owms/terms/zwangerschBevalVerl,B9,Werk en pensionering binnen de Unie,"socialezekerheidsrechten en -verplichtingen in de Unie, onder meer in verband met pensioenen",http://standaarden.overheid.nl/owms/terms/sdg_B9
zwangerschaps- en bevallingsverlof,http://standaarden.overheid.nl/owms/terms/zwangerschBevalVerl,F4,Gezondheidszorg,algemene informatie over toegangsrechten en verplichtingen om deel te nemen aan beschikbare preventieve openbare gezondheidsmaatregelen,http://standaarden.overheid.nl/owms/terms/sdg_F4
zwangerschaps- en bevallingsverlof,http://standaarden.overheid.nl/owms/terms/zwangerschBevalVerl,K1,Werknemers,"bij wet of wettelijk instrument vastgestelde arbeidsvoorwaarden (met inbegrip van werktijden, betaald verlof, vakantierechten, rechten en verplichtingen in verband met overuren, medisch onderzoek, beëindiging van contracten en ontslag)",http://standaarden.overheid.nl/owms/terms/sdg_K1
